bucket,status,addon,content,key,title,lang,nsfw,url,final,code,moved,theme_ok,sub,title_now,error
1_works,ok,fanfox,manga,m.fanfox.net,Manga Fox,en,False,https://m.fanfox.net/,https://m.fanfox.net/,200,False,,,,
1_works,ok,html_manga,manga,mangatown.com,MangaTown,en,False,https://m.mangatown.com/,https://m.mangatown.com/,200,False,,,,
1_works,ok,html_manga,manga,weebcentral.com,Weeb Central,en,False,https://weebcentral.com/,https://weebcentral.com/,200,False,,,,
1_works,ok,madara,manga,3asq.org,مانجا العاشق,ar,False,https://3asq.org/,https://3asq.online/,200,True,True,,,
1_works,ok,madara,manga,anisascans.in,Anisa Scans,en,False,https://anisascans.in/,https://anisascans.in/,200,False,True,,,
1_works,ok,madara,manga,apcomics.org,AP Comics,en,True,https://apcomics.org/,https://apcomics.org/,200,False,True,,,
1_works,ok,madara,manga,apollcomics.es,Apoll comics,es,True,https://apollcomics.es/,https://apollcomics.es/,200,False,True,,,
1_works,ok,madara,manga,arthurscan.xyz,Arthur Scan,pt-BR,False,https://arthurscan.xyz/,https://arthurscan.xyz/,200,False,True,,,
1_works,ok,madara,manga,asurascans.us,Asura Scans,en,False,https://asurascans.us/,https://mangapark.tv/,200,True,True,,,
1_works,ok,madara,manga,cafecomyaoi.com.br,Café com Yaoi,pt-BR,False,https://cafecomyaoi.com.br/,https://cafecomyaoi.com.br/,200,False,True,,,
1_works,ok,madara,manga,cartoonporn.to,CartoonPorn.to,en,True,https://cartoonporn.to/,https://cartoonporn.to/,200,False,True,,,
1_works,ok,madara,manga,cat-300.com,Cat300,th,False,https://cat-300.com/,https://cat-300.com/,200,False,True,,,
1_works,ok,madara,manga,cocomic.co,Cocomic,en,False,https://cocomic.co/,https://cocomic.co/,200,False,True,,,
1_works,ok,madara,manga,comicsvalley.com,Comics Valley,en,True,https://comicsvalley.com/,https://comicsvalley.com/,200,False,True,,,
1_works,ok,madara,manga,diamondfansub.com,DiamondFansub,tr,False,https://diamondfansub.com/,https://diamondfansub.com/,200,False,True,,,
1_works,ok,madara,manga,doujindistrict.com,DOUJIN DISTRICT,en,True,https://doujindistrict.com/,https://doujindistrict.com/,200,False,True,,,
1_works,ok,madara,manga,doujinza.com,DoujinZa,th,True,https://doujinza.com/,https://doujinza.com/,200,False,True,,,
1_works,ok,madara,manga,euphoriascan.com,Euphoria Scan,pt-BR,True,https://euphoriascan.com/,https://euphoriascan.com/,200,False,True,,,
1_works,ok,madara,manga,fbsquadx.com,Fleur Blanche,pt-BR,False,https://fbsquadx.com/,https://fbsquadx.com/,200,False,True,,,
1_works,ok,madara,manga,gdscans.com,GD Scans,en,False,https://gdscans.com/,https://gdscans.com/,200,False,True,,,
1_works,ok,madara,manga,gedecomix.com,AllPornComic,en,True,https://gedecomix.com/,https://gedecomix.com/,200,False,True,,,
1_works,ok,madara,manga,grabber.zone,Sonic the Hedgehog Comics,en,False,https://grabber.zone/,https://grabber.zone/,200,False,True,,,
1_works,ok,madara,manga,harmony-scan.fr,Harmony-Scan,fr,True,https://harmony-scan.fr/,https://harmony-scan.fr/,200,False,True,,,
1_works,ok,madara,manga,hentai4free.net,Hentai4free,en,True,https://hentai4free.net/,https://hentai4free.net/,200,False,True,,,
1_works,ok,madara,manga,hentaixcomic.com,HentaiXComic,en,True,https://hentaixcomic.com/,https://hentaixcomic.com/,200,False,True,,,
1_works,ok,madara,manga,hentaixdickgirl.com,HentaiXDickgirl,en,True,https://hentaixdickgirl.com/,https://hentaixdickgirl.com/,200,False,True,,,
1_works,ok,madara,manga,hentaixyuri.com,HentaiXYuri,en,True,https://hentaixyuri.com/,https://hentaixyuri.com/,200,False,True,,,
1_works,ok,madara,manga,hhentai.fr,HistoireDHentai,fr,True,https://hhentai.fr/,https://hhentai.fr/,200,False,True,,,
1_works,ok,madara,manga,hotcabaretscan.com,Hot Cabaret Scan,pt-BR,True,https://hotcabaretscan.com/,https://hotcabaretscan.com/,200,False,True,,,
1_works,ok,madara,manga,infrafandub.com,InfraFandub,es,False,https://infrafandub.com/,https://infrafandub.com/,200,False,True,,,
1_works,ok,madara,manga,inventariooculto.com,Inventario Oculto,es,False,https://inventariooculto.com/,https://inventariooculto.com/,200,False,True,,,
1_works,ok,madara,manga,klikmanga.com,KlikManga,id,False,https://klikmanga.com/,https://klikmanga.org/,200,True,True,,,
1_works,ok,madara,manga,ksgroupscans.com,KS Scans,en,False,https://ksgroupscans.com/,https://ksgroupscans.com/home-site/,200,False,True,,,
1_works,ok,madara,manga,leitor.borutoexplorer.com.br,Leitor de Mangás,pt-BR,False,https://leitor.borutoexplorer.com.br/,https://leitor.borutoexplorer.com.br/,200,False,True,,,
1_works,ok,madara,manga,leitor.kamisama.com.br,Kami Sama Explorer,pt-BR,False,https://leitor.kamisama.com.br/,https://leitor.kamisama.com.br/,200,False,True,,,
1_works,ok,madara,manga,lekmanga.com,Mangalek,ar,False,https://lekmanga.com/,https://lekmanga.site/,200,True,True,,,
1_works,ok,madara,manga,lhtranslation.net,LHTranslation,en,False,https://lhtranslation.net/,https://lhtranslation.net/home/,200,False,True,,,
1_works,ok,madara,manga,limboscan.com.br,Limbo Scan,pt-BR,False,https://limboscan.com.br/,https://limboscan.com.br/,200,False,True,,,
1_works,ok,madara,manga,madaradex.org,MadaraDex,en,True,https://madaradex.org/,https://madaradex.org/,200,False,True,,,
1_works,ok,madara,manga,manga-lc.net,Manga-Lc,th,False,https://manga-lc.net/,https://manga-lc.net/,200,False,True,,,
1_works,ok,madara,manga,manga-spark.net,مانجا سبارك,ar,False,https://manga-spark.net/,https://sparkmanga.net/,200,True,True,,,
1_works,ok,madara,manga,manga1st.online,Manga1st,en,False,https://manga1st.online/,https://manga1st.online/,200,False,True,,,
1_works,ok,madara,manga,mangadistrict.com,MANGA DISTRICT,en,True,https://mangadistrict.com/,https://mangadistrict.com/,200,False,True,,,
1_works,ok,madara,manga,mangagg.com,MANGAGG,en,False,https://mangagg.com/,https://mangagg.com/,200,False,True,,,
1_works,ok,madara,manga,mangahub.fr,MangaHub.fr,fr,False,https://mangahub.fr/,https://mangahub.fr/,200,False,True,,,
1_works,ok,madara,manga,mangamaniacs.org,MangaManiacs,en,True,https://mangamaniacs.org/,https://mangamaniacs.org/,200,False,True,,,
1_works,ok,madara,manga,mangaowl.io,MangaOwl,en,False,https://mangaowl.io/,https://mangaowl.io/,200,False,True,,,
1_works,ok,madara,manga,mangasushi.org,Mangasushi,en,False,https://mangasushi.org/,https://mangasushi.org/,200,False,True,,,
1_works,ok,madara,manga,mangatop.org,Top Manhua,en,False,https://mangatop.org/,https://mangatop.org/,200,False,True,,,
1_works,ok,madara,manga,mangawow.org,MangaWOW,tr,False,https://mangawow.org/,https://mangawow.org/,200,False,True,,,
1_works,ok,madara,manga,mangazin.org,Zinmanga,en,False,https://mangazin.org/,https://mangazin.org/,200,False,True,,,
1_works,ok,madara,manga,manhuanext.com,Manhuanext,en,False,https://manhuanext.com/,https://manhuanext.com/,200,False,True,,,
1_works,ok,madara,manga,manhwa68.com,MANHWA68,en,True,https://manhwa68.com/,https://manhwa68.com/,200,False,True,,,
1_works,ok,madara,manga,manhwatop.com,MANHWATOP,en,False,https://manhwatop.com/,https://manhwatop.com/,200,False,True,,,
1_works,ok,madara,manga,marmota.me,Marmota,es,False,https://marmota.me/,https://marmota.me/,200,False,True,,,
1_works,ok,madara,manga,montetaiscanlator.xyz,Monte Tai,pt-BR,False,https://montetaiscanlator.xyz/,https://montetaiscanlator.xyz/,200,False,True,,,
1_works,ok,madara,manga,mundomanhwa.com,Mundo Manhwa,es,True,https://mundomanhwa.com/,https://mundomanhwa.com/,200,False,True,,,
1_works,ok,madara,manga,niji-translations.com,Niji Translations,ar,False,https://niji-translations.com/,https://niji-translations.com/,200,False,True,,,
1_works,ok,madara,manga,ninjacomics.xyz,Ninja Scan,pt-BR,False,https://ninjacomics.xyz/,https://ninjacomics.xyz/,200,False,True,,,
1_works,ok,madara,manga,nocfsb.com,Nocturne Summer,pt-BR,False,https://nocfsb.com/,https://nocfsb.com/,200,False,True,,,
1_works,ok,madara,manga,pantheon-scan.com,pantheon-scan.com,fr,False,https://pantheon-scan.com/,https://pantheon-scan.com/,200,False,True,,,
1_works,ok,madara,manga,paradise-bl.com,Paradise BL,ar,False,https://paradise-bl.com/,https://paradise-bl.com/,200,False,True,,,
1_works,ok,madara,manga,ragnarokscanlation.opchapters.com,Ragnarok Scanlation,en,False,https://ragnarokscanlation.opchapters.com/,https://ragnarokscanlation.opchapters.com/,200,False,True,,,
1_works,ok,madara,manga,ragnarokscanlation.org,Ragnarok Scanlation,es,False,https://ragnarokscanlation.org/,https://ragnarokscanlation.org/,200,False,True,,,
1_works,ok,madara,manga,rawdex.net,RawDEX,ko,True,https://rawdex.net/,https://rawdex.net/,200,False,True,,,
1_works,ok,madara,manga,reader.decadencescans.com,Decadence Scans,en,False,https://reader.decadencescans.com/,https://reader.decadencescans.com/,200,False,True,,,
1_works,ok,madara,manga,sleepytranslations.com,Sleepy Translations,en,False,https://sleepytranslations.com/,https://sleepytranslations.com/,200,False,True,,,
1_works,ok,madara,manga,tankouhentai.com,Tankou Hentai,pt-BR,True,https://tankouhentai.com/,https://tankouhentai.com/,200,False,True,,,
1_works,ok,madara,manga,toonizy.com,Toonizy,en,True,https://toonizy.com/,https://toonizy.com/,200,False,True,,,
1_works,ok,madara,manga,tritinia.org,TritiniaScans,en,False,https://tritinia.org/,https://tritinia.org/,200,False,True,,,
1_works,ok,madara,manga,trmangaoku.com,Türkçe Manga Oku,tr,False,https://trmangaoku.com/,https://trmangaoku.com/,200,False,True,,,
1_works,ok,madara,manga,truyentranhdammyy.site,Truyện tranh đam mỹ,vi,False,https://truyentranhdammyy.site/,https://truyentranhdammyy.site/,200,False,True,,,
1_works,ok,madara,manga,tuhafscans.com,Luna Scans,tr,False,https://tuhafscans.com/,https://tuhafscans.com/,200,False,True,,,
1_works,ok,madara,manga,vermanhwa.com,Ver Manhwas,es,True,https://vermanhwa.com/,https://vermanhwa.com/,200,False,True,,,
1_works,ok,madara,manga,vyvymanga.org,VyvyManga.org,en,False,https://vyvymanga.org/,https://mangaowl.io/,200,True,True,,,
1_works,ok,madara,manga,webtoonempire-bl.com,Empire Webtoon,ar,True,https://webtoonempire-bl.com/,https://webtoonempire-bl.com/,200,False,True,,,
1_works,ok,madara,manga,wuxiaworld.site,WuxiaWorld,en,False,https://wuxiaworld.site/,https://wuxiaworld.site/,200,False,True,,,
1_works,ok,madara,manga,www.doodmanga.com,Doodmanga,th,False,https://www.doodmanga.com/,https://www.doodmanga.com/,200,False,True,,,
1_works,ok,madara,manga,www.kuroimanga.com,Kuroi Manga,tr,False,https://www.kuroimanga.com/,https://www.kuroimanga.com/,200,False,True,,,
1_works,ok,madara,manga,www.mangaisekaithai.com,MangaIsekaiThai,th,False,https://www.mangaisekaithai.com/,https://www.mangaisekaithai.net/,200,True,True,,,
1_works,ok,madara,manga,www.mangaread.org,Read Manga Online,en,False,https://www.mangaread.org/,https://www.mangaread.org/,200,False,True,,,
1_works,ok,madara,manga,www.manhuabug.com,ManhuaBug,en,False,https://www.manhuabug.com/,https://www.manhuabug.com/,200,False,True,,,
1_works,ok,madara,manga,www.manhuathai.com,ManhuaThai,th,False,https://www.manhuathai.com/,https://www.manhuathai.com/,200,False,True,,,
1_works,ok,madara,manga,www.manhwabreakup.com,ManhwaBreakup,th,False,https://www.manhwabreakup.com/,https://www.manhwabreakup.com/,200,False,True,,,
1_works,ok,madara,manga,www.manhwaden.com,ManhwaDen,en,True,https://www.manhwaden.com/,https://www.manhwaden.com/,200,False,True,,,
1_works,ok,madara,manga,www.paritehaber.com,Paritehaber,en,True,https://www.paritehaber.com/,https://www.paritehaber.com/,200,False,True,,,
1_works,ok,madara,manga,www.petrotechsociety.org,Petrotechsociety,en,True,https://www.petrotechsociety.org/,https://www.petrotechsociety.org/,200,False,True,,,
1_works,ok,madara,manga,www.ruyamanga2.com,Rüya Manga,tr,False,https://www.ruyamanga2.com/,https://www.ruyamanga2.com/,200,False,True,,,
1_works,ok,madara,manga,www.tilkiscans.com,MangaTilkisi,tr,False,https://www.tilkiscans.com/,https://www.tilkiscans.com/,200,False,True,,,
1_works,ok,madara_novel,novel,wuxiaworld.site,Wuxia World,en,False,https://wuxiaworld.site/,https://wuxiaworld.site/,200,False,True,,,
1_works,ok,mangakatana,manga,mangakatana.com,Manga Katana,en,False,https://mangakatana.com/,https://mangakatana.com/,200,False,,,,
1_works,ok,themesia,manga,asialotuss.com,Asian Lotus,es,False,https://asialotuss.com/,https://asialotuss.com/,200,False,True,,,
1_works,ok,themesia,manga,bymichiby.com,Bymichi Scan,es,True,https://bymichiby.com/,https://bymichiby.com/,200,False,True,,,
1_works,ok,themesia,manga,culturedworks.com,CulturedWorks,en,False,https://culturedworks.com/,https://culturedworks.com/,200,False,True,,,
1_works,ok,themesia,manga,dojing.net,Dojing.net,id,True,https://dojing.net/,https://dojing.net/,200,False,True,,,
1_works,ok,themesia,manga,ecchi-doujin.com,Ecchi-doujin.com,th,True,https://ecchi-doujin.com/,https://ecchi-doujin.com/,200,False,True,,,
1_works,ok,themesia,manga,gaiatoon.com,GAİATOON,tr,False,https://gaiatoon.com/,https://gaiatoon.com/,200,False,True,,,
1_works,ok,themesia,manga,god-doujin.com,God-Doujin,th,True,https://god-doujin.com/,https://god-doujin.com/,200,False,True,,,
1_works,ok,themesia,manga,isekaikomik.com,Isekai Komik,id,False,https://isekaikomik.com/,https://ch1.isekaikomik.site/,200,True,True,,,
1_works,ok,themesia,manga,izanamiscans.my.id,Izanami Scans,id,False,https://izanamiscans.my.id/,https://izanamiscans.my.id/,200,False,True,,,
1_works,ok,themesia,manga,kanzenin.info,kanzenin,id,True,https://kanzenin.info/,https://kanzenin.info/,200,False,True,,,
1_works,ok,themesia,manga,kingofshojo.com,King of Shojo,en,False,https://kingofshojo.com/,https://kingofshojo.com/,200,False,True,,,
1_works,ok,themesia,manga,kiryuu01.com,Kiryuu,id,False,https://kiryuu01.com/,https://kiryuu01.com/,200,False,True,,,
1_works,ok,themesia,manga,komiktap.info,Komiktap,id,True,https://komiktap.info/,https://komiktap.info/,200,False,True,,,
1_works,ok,themesia,manga,kumapoi.info,KumaPoi,id,True,https://kumapoi.info/,https://kumapoi.info/,200,False,True,,,
1_works,ok,themesia,manga,legionscans.com,Cerberus Series,es,False,https://legionscans.com/,https://legionscans.com/wp/,200,False,True,,,
1_works,ok,themesia,manga,madarascans.com,Madara Scans,en,False,https://madarascans.com/,https://madarascans.net/,200,True,True,,,
1_works,ok,themesia,manga,makimaaaaa.com,makimaaaaa,th,True,https://makimaaaaa.com/,https://makimaaaaa.com/,200,False,True,,,
1_works,ok,themesia,manga,manga.adonisfansub.com,Adonis Fansub,tr,False,https://manga.adonisfansub.com/,https://manga.adonisfansub.com/,200,False,True,,,
1_works,ok,themesia,manga,mangacanblog.com,Manga Can,id,False,https://mangacanblog.com/,https://mangacanblog.com/,200,False,True,,,
1_works,ok,themesia,manga,mangalami.com,Lami-Manga,th,False,https://mangalami.com/,https://mangalami.com/,200,False,True,,,
1_works,ok,themesia,manga,mangastep.com,Mangastep,th,True,https://mangastep.com/,https://mangastep.com/,200,False,True,,,
1_works,ok,themesia,manga,mihentai.com,Mihentai,id,True,https://mihentai.com/,https://mihentai.net/,200,True,True,,,
1_works,ok,themesia,manga,nirvanamanga.com,NirvanaManga,tr,False,https://nirvanamanga.com/,https://nirvanamanga.com/,200,False,True,,,
1_works,ok,themesia,manga,pointzerotoons.com,Point Zero Toons,pt-BR,False,https://pointzerotoons.com/,https://pointzerotoons.com/,200,False,True,,,
1_works,ok,themesia,manga,rackusreads.com,Rackus,en,False,https://rackusreads.com/,https://rackusreads.com/,200,False,True,,,
1_works,ok,themesia,manga,ravenscans.com,Raven Scans,en,False,https://ravenscans.com/,https://ravenscans.org/,200,True,True,,,
1_works,ok,themesia,manga,reapertrans.com,ReaperTrans,th,False,https://reapertrans.com/,https://reapertrans.com/,200,False,True,,,
1_works,ok,themesia,manga,sektedoujin.cc,Sekte Doujin,id,True,https://sektedoujin.cc/,https://sektedoujin.cc/,200,False,True,,,
1_works,ok,themesia,manga,sereinscan.com,Serein Scan,tr,False,https://sereinscan.com/,https://sereinscan.com/,200,False,True,,,
1_works,ok,themesia,manga,shijiescans.com,Shijie Scans,tr,False,https://shijiescans.com/,https://shijiescans.com/,200,False,True,,,
1_works,ok,themesia,manga,soulscans.my.id,Soul Scans,id,False,https://soulscans.my.id/,https://soulscans.my.id/,200,False,True,,,
1_works,ok,themesia,manga,speed-manga.com,Speed Manga,th,False,https://speed-manga.com/,https://speed-manga.net/,200,True,True,,,
1_works,ok,themesia,manga,sushiscan.fr,Sushiscan.fr,fr,False,https://sushiscan.fr/,https://sushiscan.fr/,200,False,True,,,
1_works,ok,themesia,manga,sushiscan.net,Sushi-Scan,fr,False,https://sushiscan.net/,https://sushiscan.net/,200,False,True,,,
1_works,ok,themesia,manga,toomtam-manga.com,ToomTam-Manga,th,True,https://toomtam-manga.com/,https://toomtam-manga.com/,200,False,True,,,
1_works,ok,themesia,manga,tsundoku.com.br,Tsundoku Traduções,pt-BR,False,https://tsundoku.com.br/,https://tsundoku.com.br/,200,False,True,,,
1_works,ok,themesia,manga,uchuujinmangas.com,Uchuujin Projects,es,False,https://uchuujinmangas.com/,https://uchuujinmangas.com/,200,False,True,,,
1_works,ok,themesia,manga,violetscans.com,Violetscans,en,False,https://violetscans.com/,https://violetmanga.com/,200,True,True,,,
1_works,ok,themesia,manga,www.lelmanga.com,Lelmanga,en,False,https://www.lelmanga.com/,https://www.lelmanga.com/,200,False,True,,,
1_works,ok,themesia,manga,www.lianscans.com,LIAN Scans,id,True,https://www.lianscans.com/,https://www.lianscans.com/,200,False,True,,,
1_works,ok,themesia,manga,www.mangakimi.com,MangaKimi,th,False,https://www.mangakimi.com/,https://www.mangakimi.com/,200,False,True,,,
1_works,ok,themesia,manga,www.mangatv.net,Manga  TV,es,False,https://www.mangatv.net/,https://mangatv.net/,200,False,True,,,
1_works,ok,themesia,manga,www.ntr-manga.com,NTR-Manga,th,True,https://www.ntr-manga.com/,https://www.ntr-manga.net/,200,True,True,,,
1_works,ok,themesia,manga,www.tanuki-manga.com,Tanuki-Manga,th,True,https://www.tanuki-manga.com/,https://www.tanuki-manga.net/,200,True,True,,,
1_works,ok,themesia,manga,www.umimanga.com,Umi manga,ar,False,https://www.umimanga.com/,https://www.umimanga.com/,200,False,True,,,
1_works,ok,themesia,manga,www.xn--l3c0azab5a2gta.com,สดใสเมะ,th,False,https://www.xn--l3c0azab5a2gta.com/,https://www.xn--l3c0azab5a2gta.com/,200,False,True,,,
2_unknown_cloudflare_antibot,cloudflare,html_manga,manga,vymanga.net,VyManga.net,en,False,https://vymanga.net/,https://vymanga.net/,403,False,,,,
2_unknown_cloudflare_antibot,cloudflare,html_novel,novel,allnovelupdates.com,All Novel Updates,en,False,https://allnovelupdates.com/,https://allnovelupdates.com/,403,False,,,,
2_unknown_cloudflare_antibot,cloudflare,html_novel,novel,lightnovelpub.me,Light Novel Pub,en,False,https://lightnovelpub.me/,https://lightnovelpub.me/,403,False,,,,
2_unknown_cloudflare_antibot,cloudflare,html_novel,novel,novellive.app,Novel Live,en,False,https://novellive.app/,https://novellive.app/,403,False,,,,
2_unknown_cloudflare_antibot,cloudflare,html_novel,novel,novellive.com,Novel Live,en,False,https://novellive.com/,https://novellive.com/,403,False,,,,
2_unknown_cloudflare_antibot,cloudflare,madara,manga,allporncomic.com,AllPornComic,en,True,https://allporncomic.com/,https://allporncomic.com/,403,False,False,,,
2_unknown_cloudflare_antibot,cloudflare,madara,manga,apenasmaisumyaoi.com,AMUY Scan,pt-BR,True,https://apenasmaisumyaoi.com/,https://apenasmaisumyaoi.com/,403,False,False,,,
2_unknown_cloudflare_antibot,cloudflare,madara,manga,aquareader.net,Aqua Manga,en,False,https://aquareader.net/,https://aquareader.net/,403,False,False,,,
2_unknown_cloudflare_antibot,cloudflare,madara,manga,arabtoons.net,عرب تونز,ar,True,https://arabtoons.net/,https://arabtoons.net/,503,False,False,,,
2_unknown_cloudflare_antibot,cloudflare,madara,manga,archiviumbar.com,Archivium Bar,es,False,https://archiviumbar.com/,https://archiviumbar.com/,403,False,False,,,
2_unknown_cloudflare_antibot,cloudflare,madara,manga,aryascans.com,Arya Scans,en,False,https://aryascans.com/,https://brainrotcomics.com/,403,True,False,,,
2_unknown_cloudflare_antibot,cloudflare,madara,manga,astral-manga.fr,Astral Manga,fr,False,https://astral-manga.fr/,https://astral-manga.fr/,403,False,False,,,
2_unknown_cloudflare_antibot,theme_mismatch,madara,manga,azoramoon.com,AZORA MANGA,ar,False,https://azoramoon.com/,https://azorafly.com/,200,True,False,antibot,Azora Manga - ازورا مانجا - AZORA MANGA ازورا مانجا – الموقع الرسمي ازورا مانجا,
2_unknown_cloudflare_antibot,cloudflare,madara,manga,bakamh.com,巴卡漫画,zh,True,https://bakamh.com/,https://bakamh.com/,403,False,False,,,
2_unknown_cloudflare_antibot,cloudflare,madara,manga,begatranslation.com,Bega Translation,es,False,https://begatranslation.com/,https://begatranslation.com/,403,False,False,,,
2_unknown_cloudflare_antibot,cloudflare,madara,manga,bokugents.com,Bokugen Translations,es,False,https://bokugents.com/,https://bokugents.com/,403,False,False,,,
2_unknown_cloudflare_antibot,cloudflare,madara,manga,boratscans.com,Borat Scans,en,False,https://boratscans.com/,https://boratscans.com/,403,False,False,,,
2_unknown_cloudflare_antibot,theme_mismatch,madara,manga,darkscans.net,Dark Scans,en,False,https://darkscans.net/,https://depoboslogin.services/,200,True,False,antibot,DEPOBOS: Platform Aplikasi Game Petir Online X1000 Conect Gampang Pecah,
2_unknown_cloudflare_antibot,cloudflare,madara,manga,doujin-lc.net,Doujin-Lc,th,True,https://doujin-lc.net/,https://doujin-lc.net/,403,False,False,,,
2_unknown_cloudflare_antibot,cloudflare,madara,manga,dragontea.ink,Dragon Tea,en,False,https://dragontea.ink/,https://dragontea.ink/,403,False,False,,,
2_unknown_cloudflare_antibot,cloudflare,madara,manga,gourmetsupremacy.com,Gourmet Scans,en,False,https://gourmetsupremacy.com/,https://ko-fi.com/gourmetkofi,403,True,False,,,
2_unknown_cloudflare_antibot,cloudflare,madara,manga,kaguya.id,Kaguya,id,False,https://kaguya.id/,https://01.kaguya.pro/,403,True,False,,,
2_unknown_cloudflare_antibot,cloudflare,madara,manga,kissmanga.in,kissmanga,en,False,https://kissmanga.in/,https://kissmanga.in/,403,False,False,,,
2_unknown_cloudflare_antibot,theme_mismatch,madara,manga,kns.wordoco.com,Knight No Scanlation,es,False,https://kns.wordoco.com/,https://simplymasterservices.com/commercial-cleaning/,200,True,False,antibot,"OKEBOS : Peach Retinol Moisturizer ,  Protect The Barrier  And  No Irritation",
2_unknown_cloudflare_antibot,cloudflare,madara,manga,kunmanga.com,KunManga,en,False,https://kunmanga.com/,https://kunmanga.com/,403,False,False,,,
2_unknown_cloudflare_antibot,cloudflare,madara,manga,leitordemanga.com,Leitor de Mangá,pt-BR,False,https://leitordemanga.com/,https://leitordemangas.com/,403,True,False,,,
2_unknown_cloudflare_antibot,cloudflare,madara,manga,link-manga.com,Mangalink,ar,False,https://link-manga.com/,https://link-manga.com/,403,False,False,,,
2_unknown_cloudflare_antibot,cloudflare,madara,manga,manga-leko.org,Mangalek,ar,False,https://manga-leko.org/,https://manga-leko.org/,403,False,False,,,
2_unknown_cloudflare_antibot,cloudflare,madara,manga,manga-lionz.com,Mangalionz,ar,False,https://manga-lionz.com/,https://manga-lionz.com/,403,False,False,,,
2_unknown_cloudflare_antibot,cloudflare,madara,manga,manga-scantrad.io,Manga Scantrad,fr,False,https://manga-scantrad.io/,https://manga-scantrad.io/,403,False,False,,,
2_unknown_cloudflare_antibot,cloudflare,madara,manga,manga-starz.com,Mangastarz,ar,False,https://manga-starz.com/,https://manga-starz.com/,403,False,False,,,
2_unknown_cloudflare_antibot,cloudflare,madara,manga,manga.detectiveconanar.com,شبكة كونان العربية,ar,False,https://manga.detectiveconanar.com/,https://manga.detectiveconanar.com/,403,False,False,,,
2_unknown_cloudflare_antibot,cloudflare,madara,manga,manga18free.com,Manga18Free,en,True,https://manga18free.com/,https://manga18free.com/,403,False,False,,,
2_unknown_cloudflare_antibot,cloudflare,madara,manga,manga18x.net,Manga18x,en,True,https://manga18x.net/,https://manga18x.net/,403,False,False,,,
2_unknown_cloudflare_antibot,cloudflare,madara,manga,mangacrazy.net,MangaCrazy,en,True,https://mangacrazy.net/,https://mangacrazy.net/,403,False,False,,,
2_unknown_cloudflare_antibot,cloudflare,madara,manga,mangaforfree.com,Mangaforfree.com,en,True,https://mangaforfree.com/,https://mangaforfree.com/,403,False,False,,,
2_unknown_cloudflare_antibot,cloudflare,madara,manga,mangaforfree.net,Manga For Free,en,True,https://mangaforfree.net/,https://mangaforfree.net/,403,False,False,,,
2_unknown_cloudflare_antibot,cloudflare,madara,manga,mangaromance19.com,Manga Romance,es,False,https://mangaromance19.com/,https://mangaromance19.com/,403,False,False,,,
2_unknown_cloudflare_antibot,cloudflare,madara,manga,mangas-origines.fr,Mangas Origines,fr,False,https://mangas-origines.fr/,https://mangas-origines.fr/,403,False,False,,,
2_unknown_cloudflare_antibot,cloudflare,madara,manga,mangawt.com,MangaWT,tr,False,https://mangawt.com/,https://mangawt.com/,403,False,False,,,
2_unknown_cloudflare_antibot,cloudflare,madara,manga,manhuafast.com,ManhuaFast,en,False,https://manhuafast.com/,https://manhuafast.com/,403,False,False,,,
2_unknown_cloudflare_antibot,cloudflare,madara,manga,manhuafast.net,ManhuaFast.net,en,False,https://manhuafast.net/,https://manhuafast.net/,403,False,False,,,
2_unknown_cloudflare_antibot,cloudflare,madara,manga,manhuatop.org,Top Manhua,en,False,https://manhuatop.org/,https://manhuatop.org/,403,False,False,,,
2_unknown_cloudflare_antibot,cloudflare,madara,manga,manhuaus.org,MANHUAUS,en,False,https://manhuaus.org/,https://manhuaus.org/,403,False,False,,,
2_unknown_cloudflare_antibot,cloudflare,madara,manga,manhwa-latino.com,Manhwa-Latino,es,True,https://manhwa-latino.com/,https://manhwa-latino.com/,403,False,False,,,
2_unknown_cloudflare_antibot,cloudflare,madara,manga,manhwaclub.net,ManhwaClub.net,en,True,https://manhwaclub.net/,https://manhwaclub.net/,403,False,False,,,
2_unknown_cloudflare_antibot,cloudflare,madara,manga,mugiwarasoficial.com,Mugiwaras Oficial,pt-BR,False,https://mugiwarasoficial.com/,https://mugiwarasoficial.com/,403,False,False,,,
2_unknown_cloudflare_antibot,theme_mismatch,madara,manga,noindexscan.com,No Index Scan,pt-BR,True,https://noindexscan.com/,https://noindexscan.com/,200,False,False,antibot,Checking your browser before accessing. Just a moment...,
2_unknown_cloudflare_antibot,cloudflare,madara,manga,novelcrow.com,NovelCrow,en,True,https://novelcrow.com/,https://novelcrow.com/,403,False,False,,,
2_unknown_cloudflare_antibot,cloudflare,madara,manga,s1.zonaemperor.com,EmperorScan,es,False,https://s1.zonaemperor.com/,https://rainbet.com/?click_id=v3-4-12022-1603287-01m40m4az37ph4gphqtbc7gmvh&source=richads,403,True,False,,,
2_unknown_cloudflare_antibot,cloudflare,madara,manga,setsuscans.com,Setsu Scans,en,False,https://setsuscans.com/,https://setsuscans.com/,403,False,False,,,
2_unknown_cloudflare_antibot,cloudflare,madara,manga,theblank.net,The Blank Scanlation,en,True,https://theblank.net/,https://theblank.net/,403,False,False,,,
2_unknown_cloudflare_antibot,cloudflare,madara,manga,tiamanhwa.com,Tia Manhwa,pt-BR,False,https://tiamanhwa.com/,https://tiamanhwa.com/,403,False,False,,,
2_unknown_cloudflare_antibot,cloudflare,madara,manga,toonfr.com,Toon FR,fr,True,https://toonfr.com/,https://toonfr.com/,403,False,False,,,
2_unknown_cloudflare_antibot,cloudflare,madara,manga,topcomicporno.com,TopComicPorno,es,True,https://topcomicporno.com/,https://topcomicporno.com/,403,False,False,,,
2_unknown_cloudflare_antibot,cloudflare,madara,manga,topmanhua.net,TopManhua.net,en,False,https://topmanhua.net/,https://topmanhua.net/,403,False,False,,,
2_unknown_cloudflare_antibot,cloudflare,madara,manga,webtoonscan.com,WebtoonScan,en,True,https://webtoonscan.com/,https://webtoonscan.com/,403,False,False,,,
2_unknown_cloudflare_antibot,cloudflare,madara,manga,www.manhuazonghe.com,Manhua Zonghe,en,False,https://www.manhuazonghe.com/,https://www.manhuazonghe.com/,503,False,False,,,
2_unknown_cloudflare_antibot,theme_mismatch,madara,manga,www.milascans.com,MilaSub,tr,False,https://www.milascans.com/,https://www.milascans.com/,200,False,False,antibot,Baskara89 ⚔️ Link Beramin yang Simpel dan Anti Lelet Cuma 1 Kali Klik,
2_unknown_cloudflare_antibot,cloudflare,madara,manga,www.toongod.org,ToonGod,en,True,https://www.toongod.org/,https://www.toongod.org/,403,False,False,,,
2_unknown_cloudflare_antibot,cloudflare,madara,manga,yaoimangaoku.net,Yaoi Manga Oku,tr,True,https://yaoimangaoku.net/,https://yaoimangaoku.net/,403,False,False,,,
2_unknown_cloudflare_antibot,cloudflare,madara,manga,yaoiscan.com,Yaoiscan,en,False,https://yaoiscan.com/,https://yaoiscan.com/,403,False,False,,,
2_unknown_cloudflare_antibot,cloudflare,madara_novel,novel,www.foxaholic.com,Foxaholic,en,False,https://www.foxaholic.com/,https://www.foxaholic.com/,403,False,False,,,
2_unknown_cloudflare_antibot,cloudflare,madtheme,manga,kaliscan.com,Kali Scan,en,False,https://kaliscan.com/,https://kaliscan.com/,403,False,False,,,
2_unknown_cloudflare_antibot,cloudflare,madtheme,manga,kaliscan.io,Kali Scan (Mirror),en,False,https://kaliscan.io/,https://kaliscan.io/,403,False,False,,,
2_unknown_cloudflare_antibot,cloudflare,madtheme,manga,kaliscan.me,Kali Scan (Mirror),en,False,https://kaliscan.me/,https://kaliscan.me/,403,False,False,,,
2_unknown_cloudflare_antibot,cloudflare,madtheme,manga,mgjinx.com,MG Jinx,en,False,https://mgjinx.com/,https://mgjinx.com/,403,False,False,,,
2_unknown_cloudflare_antibot,theme_mismatch,mangabox,manga,www.mangakakalove.com,Manga Kakalot Love,en,False,https://www.mangakakalove.com/,https://www.mangakakalove.com/,200,False,False,antibot,MangaKakalot.Com - MangaKakalot | Read Manga Online Free Update Daily,
2_unknown_cloudflare_antibot,cloudflare,themesia,manga,apkomik.cc,APKOMIK,id,False,https://apkomik.cc/,https://apkomik.cc/,403,False,False,,,
2_unknown_cloudflare_antibot,cloudflare,themesia,manga,ar.areascans.org,Area Scans,ar,False,https://ar.areascans.org/,https://ar.kenmanga.com/,403,True,False,,,
2_unknown_cloudflare_antibot,cloudflare,themesia,manga,ar.kenmanga.com,AREA Manga,ar,False,https://ar.kenmanga.com/,https://ar.kenmanga.com/,403,False,False,,,
2_unknown_cloudflare_antibot,cloudflare,themesia,manga,arcurafansub.com,Arçura Fansub,tr,False,https://arcurafansub.com/,https://arcurafansub.com/,403,False,False,,,
2_unknown_cloudflare_antibot,cloudflare,themesia,manga,doujinku.org,Doujinku,id,True,https://doujinku.org/,https://doujinku.org/,403,False,False,,,
2_unknown_cloudflare_antibot,cloudflare,themesia,manga,evil-manga.eu,Evil production,cs,False,https://evil-manga.eu/,https://evil-manga.eu/,403,False,False,,,
2_unknown_cloudflare_antibot,cloudflare,themesia,manga,hijala.com,Hijala,ar,False,https://hijala.com/,https://hijala.com/,403,False,False,,,
2_unknown_cloudflare_antibot,cloudflare,themesia,manga,kappabeast.com,Kappa Beast,en,False,https://kappabeast.com/,https://kappabeast.com/,403,False,False,,,
2_unknown_cloudflare_antibot,cloudflare,themesia,manga,manga168.net,Manga168,th,True,https://manga168.net/,https://manga168.net/,403,False,False,,,
2_unknown_cloudflare_antibot,cloudflare,themesia,manga,mangaraw.org,Manga Raw.org,ja,False,https://mangaraw.org/,https://mangaraw.org/,403,False,False,,,
2_unknown_cloudflare_antibot,cloudflare,themesia,manga,shirakami.xyz,Shirakami,id,False,https://shirakami.xyz/,https://shirakami.xyz/,403,False,False,,,
2_unknown_cloudflare_antibot,cloudflare,themesia,manga,starligthscan.com,Starlight Scan,pt-BR,False,https://starligthscan.com/,https://starligthscan.com/,403,False,False,,,
2_unknown_cloudflare_antibot,cloudflare,themesia,manga,stellarsaber.pro,StellarSaber,ar,False,https://stellarsaber.pro/,https://stellarsaber.pro/,403,False,False,,,
2_unknown_cloudflare_antibot,cloudflare,themesia,manga,www.patimanga.com,Pati Manga,tr,False,https://www.patimanga.com/,https://www.patimanga.com/,403,False,False,,,
2_unknown_cloudflare_antibot,theme_mismatch,themesia,manga,www.raindropteamfan.com,Raindrop Fansub,tr,False,https://www.raindropteamfan.com/,https://www.raindropteamfan.com/,200,False,False,antibot,Bot Verification,
2_unknown_cloudflare_antibot,cloudflare,themesia,manga,www.walpurgiscan.it,Walpurgis Scan,it,False,https://www.walpurgiscan.it/,https://www.walpurgiscan.it/,503,False,False,,,
3_unreachable_from_VN,reset,madara,manga,adultwebtoon.com,Adult Webtoon,en,True,https://adultwebtoon.com/,https://adultwebtoon.com/,000,False,False,,,curl: (35) LibreSSL SSL_connect: SSL_ERROR_SYSCALL in connection to adultwebtoon.com:443
3_unreachable_from_VN,reset,madara,manga,akimanga.com,Akimanga,pt-BR,True,https://akimanga.com/,https://akimanga.com/,000,False,False,,,curl: (35) LibreSSL/3.3.6: error:1404B438:SSL routines:ST_CONNECT:tlsv1 alert internal error
3_unreachable_from_VN,moved_reset,madara,manga,argoshentai.xyz,Argos Hentai,pt-BR,True,https://argoshentai.xyz/,https://ww38.argoshentai.xyz/,302,True,False,,,curl: (35) LibreSSL SSL_connect: SSL_ERROR_SYSCALL in connection to ww38.argoshentai.xyz:443
3_unreachable_from_VN,moved_reset,madara,manga,armoniscans.net,Armoni Scans,tr,False,https://armoniscans.net/,https://www.sweetiepierestaurant.com/,301,True,False,,,curl: (35) Recv failure: Connection reset by peer
3_unreachable_from_VN,moved_reset,madara,manga,dianxiatrads.com,Dianxia Traduções,pt-BR,False,https://dianxiatrads.com/,https://ww38.dianxiatrads.com/,302,True,False,,,curl: (35) LibreSSL SSL_connect: SSL_ERROR_SYSCALL in connection to ww38.dianxiatrads.com:443
3_unreachable_from_VN,reset,madara,manga,empreguetes.site,Maid Scan,pt-BR,False,https://empreguetes.site/,https://empreguetes.site/,000,False,False,,,curl: (35) LibreSSL SSL_connect: SSL_ERROR_SYSCALL in connection to empreguetes.site:443
3_unreachable_from_VN,blocked_isp,madara,manga,guncelmanga.net,Güncel Manga,tr,False,https://guncelmanga.net/,https://guncelmanga.net/,000,False,False,,,curl: (35) Recv failure: Connection reset by peer
3_unreachable_from_VN,reset,madara,manga,hentai.scantrad-vf.cc,Hentai-Scantrad,fr,True,https://hentai.scantrad-vf.cc/,https://hentai.scantrad-vf.cc/,000,False,False,,,curl: (35) LibreSSL SSL_connect: SSL_ERROR_SYSCALL in connection to hentai.scantrad-vf.cc:443
3_unreachable_from_VN,blocked_isp,madara,manga,hentaicb.fit,CBHentai,vi,False,https://hentaicb.fit/,https://hentaicb.fit/,000,False,False,,,curl: (35) Recv failure: Connection reset by peer
3_unreachable_from_VN,reset,madara,manga,hentaimanga.me,Hentai Manga,en,True,https://hentaimanga.me/,https://hentaimanga.me/,000,False,False,,,curl: (35) LibreSSL SSL_connect: SSL_ERROR_SYSCALL in connection to hentaimanga.me:443
3_unreachable_from_VN,blocked_isp,madara,manga,hentaivn.art,HentaiVN.plus,vi,True,https://hentaivn.art/,https://hentaivn.art/,000,False,False,,,curl: (35) Recv failure: Connection reset by peer
3_unreachable_from_VN,blocked_isp,madara,manga,hentaivn.boo,HentaiVN,vi,True,https://hentaivn.boo/,https://hentaivn.boo/,000,False,False,,,curl: (35) Recv failure: Connection reset by peer
3_unreachable_from_VN,reset,madara,manga,hentaiwebtoon.com,Hentai Webtoon,en,True,https://hentaiwebtoon.com/,https://hentaiwebtoon.com/,000,False,False,,,curl: (35) LibreSSL SSL_connect: SSL_ERROR_SYSCALL in connection to hentaiwebtoon.com:443
3_unreachable_from_VN,reset,madara,manga,hoifansub.com,Hoi Fansub,tr,False,https://hoifansub.com/,https://hoifansub.com/,000,False,False,,,curl: (35) LibreSSL SSL_connect: SSL_ERROR_SYSCALL in connection to hoifansub.com:443
3_unreachable_from_VN,reset,madara,manga,laviniafansub.com,Lavinia Fansub,tr,False,https://laviniafansub.com/,https://laviniafansub.com/,000,False,False,,,curl: (35) LibreSSL SSL_connect: SSL_ERROR_SYSCALL in connection to laviniafansub.com:443
3_unreachable_from_VN,blocked_isp,madara,manga,manga18fx.com,Manga18fx,en,False,https://manga18fx.com/,https://manga18fx.com/,000,False,False,,,curl: (35) Recv failure: Connection reset by peer
3_unreachable_from_VN,reset,madara,manga,mangahentai.me,Manga Hentai,en,True,https://mangahentai.me/,https://mangahentai.me/,000,False,False,,,curl: (35) Recv failure: Connection reset by peer
3_unreachable_from_VN,moved_reset,madara,manga,mangatyrant.com,MangaTyrant,en,False,https://mangatyrant.com/,https://ww38.mangatyrant.com/,302,True,False,,,curl: (35) LibreSSL SSL_connect: SSL_ERROR_SYSCALL in connection to ww38.mangatyrant.com:443
3_unreachable_from_VN,moved_reset,madara,manga,mangaxcore.xyz,Mangax Core,ar,False,https://mangaxcore.xyz/,https://ww38.mangaxcore.xyz/,302,True,False,,,curl: (35) LibreSSL SSL_connect: SSL_ERROR_SYSCALL in connection to ww38.mangaxcore.xyz:443
3_unreachable_from_VN,moved_reset,madara,manga,manhua-ga.org,Manhuaga,en,False,https://manhua-ga.org/,https://ww38.manhua-ga.org/,302,True,False,,,curl: (35) LibreSSL SSL_connect: SSL_ERROR_SYSCALL in connection to ww38.manhua-ga.org:443
3_unreachable_from_VN,blocked_isp,madara,manga,manhuahot.com,ManhuaHot,en,False,https://manhuahot.com/,https://manhuahot.com/,000,False,False,,,curl: (35) Recv failure: Connection reset by peer
3_unreachable_from_VN,blocked_isp,madara,manga,manhuaplus.com,Manhua Plus,en,False,https://manhuaplus.com/,https://manhuaplus.com/,000,False,False,,,curl: (35) Recv failure: Connection reset by peer
3_unreachable_from_VN,blocked_isp,madara,manga,manhuaus.com,MANHUAUS,en,False,https://manhuaus.com/,https://manhuaus.com/,000,False,False,,,curl: (35) Recv failure: Connection reset by peer
3_unreachable_from_VN,blocked_isp,madara,manga,manhwa-raw.com,Manhwa-raw,en,True,https://manhwa-raw.com/,https://manhwa-raw.com/,000,False,False,,,curl: (35) Recv failure: Connection reset by peer
3_unreachable_from_VN,blocked_isp,madara,manga,manhwaclan.com,Manhwa Clan,en,False,https://manhwaclan.com/,https://manhwaclan.com/,000,False,False,,,curl: (35) Recv failure: Connection reset by peer
3_unreachable_from_VN,reset,madara,manga,manhwamanhua.com,ManhwaManhua,en,False,https://manhwamanhua.com/,https://manhwamanhua.com/,000,False,False,,,curl: (35) LibreSSL SSL_connect: SSL_ERROR_SYSCALL in connection to manhwamanhua.com:443
3_unreachable_from_VN,moved_reset,madara,manga,paragonscans.com,Paragon Scans,en,False,https://paragonscans.com/,https://ww38.paragonscans.com/,302,True,False,,,curl: (35) LibreSSL SSL_connect: SSL_ERROR_SYSCALL in connection to ww38.paragonscans.com:443
3_unreachable_from_VN,moved_reset,madara,manga,piedpiperfansubyy.me,Pied Piper Fansubyy,tr,False,https://piedpiperfansubyy.me/,https://ww38.piedpiperfansubyy.me/,302,True,False,,,curl: (35) LibreSSL SSL_connect: SSL_ERROR_SYSCALL in connection to ww38.piedpiperfansubyy.me:443
3_unreachable_from_VN,reset,madara,manga,pirulitorosa.site,Pirulito Rosa,pt-BR,True,https://pirulitorosa.site/,https://pirulitorosa.site/,000,False,False,,,curl: (35) LibreSSL/3.3.6: error:1404B438:SSL routines:ST_CONNECT:tlsv1 alert internal error
3_unreachable_from_VN,reset,madara,manga,retsu.org,Retsu,en,False,https://retsu.org/,https://retsu.org/,000,False,False,,,curl: (35) LibreSSL/3.3.6: error:1404B438:SSL routines:ST_CONNECT:tlsv1 alert internal error
3_unreachable_from_VN,blocked_isp,madara,manga,ruahapchanhday.com,Rua Hap Chanh Day,vi,True,https://ruahapchanhday.com/,https://ruahapchanhday.com/,000,False,False,,,curl: (35) Recv failure: Connection reset by peer
3_unreachable_from_VN,reset,madara,manga,sapphirescan.com,Sapphire Scan,es,False,https://sapphirescan.com/,https://sapphirescan.com/,000,False,False,,,curl: (35) LibreSSL SSL_connect: SSL_ERROR_SYSCALL in connection to sapphirescan.com:443
3_unreachable_from_VN,reset,madara,manga,sarcasmscans.com,Sarcasm Scans,tr,False,https://sarcasmscans.com/,https://sarcasmscans.com/,000,False,False,,,curl: (35) LibreSSL SSL_connect: SSL_ERROR_SYSCALL in connection to sarcasmscans.com:443
3_unreachable_from_VN,moved_reset,madara,manga,sectscans.com,SectScans,en,False,https://sectscans.com/,https://ww38.sectscans.com/,302,True,False,,,curl: (35) LibreSSL SSL_connect: SSL_ERROR_SYSCALL in connection to ww38.sectscans.com:443
3_unreachable_from_VN,reset,madara,manga,shibamanga.com,Shiba Manga,en,False,https://shibamanga.com/,https://shibamanga.com/,000,False,False,,,curl: (35) LibreSSL SSL_connect: SSL_ERROR_SYSCALL in connection to shibamanga.com:443
3_unreachable_from_VN,moved_reset,madara,manga,sitemanga.com,Site Manga,en,False,https://sitemanga.com/,https://ww38.sitemanga.com/,302,True,False,,,curl: (35) LibreSSL SSL_connect: SSL_ERROR_SYSCALL in connection to ww38.sitemanga.com:443
3_unreachable_from_VN,moved_reset,madara,manga,spidyscans.xyz,Spider Scans,en,False,https://spidyscans.xyz/,https://ww38.spidyscans.xyz/,302,True,False,,,curl: (35) LibreSSL SSL_connect: SSL_ERROR_SYSCALL in connection to ww38.spidyscans.xyz:443
3_unreachable_from_VN,moved_reset,madara,manga,strayfansub.com,Stray Fansub,tr,False,https://strayfansub.com/,https://ww38.strayfansub.com/,302,True,False,,,curl: (35) LibreSSL SSL_connect: SSL_ERROR_SYSCALL in connection to ww38.strayfansub.com:443
3_unreachable_from_VN,blocked_isp,madara,manga,toonily.com,Toonily,en,False,https://toonily.com/,https://toonily.com/,000,False,False,,,curl: (35) Recv failure: Connection reset by peer
3_unreachable_from_VN,blocked_isp,madara,manga,truyenvn.ac,TruyenVN,vi,False,https://truyenvn.ac/,https://truyenvn.ac/,000,False,False,,,curl: (35) Recv failure: Connection reset by peer
3_unreachable_from_VN,reset,madara,manga,www.manhuakey.com,ManhuaKey,th,False,https://www.manhuakey.com/,https://www.manhuakey.com/,000,False,False,,,curl: (35) LibreSSL SSL_connect: SSL_ERROR_SYSCALL in connection to www.manhuakey.com:443
3_unreachable_from_VN,blocked_isp,madara,manga,www.webtoon.xyz,WebtoonXYZ,en,True,https://www.webtoon.xyz/,https://www.webtoon.xyz/,000,False,False,,,curl: (35) Recv failure: Connection reset by peer
3_unreachable_from_VN,blocked_isp,madara,manga,zinmanga.net,ZinManga,en,False,https://www.zinmanga.net/,https://www.zinmanga.net/,000,False,False,,,curl: (35) Recv failure: Connection reset by peer
3_unreachable_from_VN,moved_reset,madara_novel,novel,novgo.co,Novgo,en,False,https://novgo.co/,https://ww38.novgo.co/,302,True,False,,,curl: (35) LibreSSL SSL_connect: SSL_ERROR_SYSCALL in connection to ww38.novgo.co:443
3_unreachable_from_VN,reset,madtheme,manga,manhuanow.com,Manhua Now,en,False,https://manhuanow.com/,https://manhuanow.com/,000,False,False,,,curl: (35) LibreSSL/3.3.6: error:1404B42E:SSL routines:ST_CONNECT:tlsv1 alert protocol version
3_unreachable_from_VN,blocked_isp,mangadex,manga,mangadex.org,MangaDex,en,False,https://mangadex.org/,https://mangadex.org/,000,False,,,,curl: (35) Recv failure: Connection reset by peer
3_unreachable_from_VN,reset,themesia,manga,ayatoon.com,Ayatoon,tr,False,https://ayatoon.com/,https://ayatoon.com/,000,False,False,,,curl: (35) LibreSSL/3.3.6: error:1404B410:SSL routines:ST_CONNECT:sslv3 alert handshake failure
3_unreachable_from_VN,moved_reset,themesia,manga,comicaso.xyz,Comicaso,id,True,https://comicaso.xyz/,https://ww38.comicaso.xyz/,302,True,False,,,curl: (35) LibreSSL SSL_connect: SSL_ERROR_SYSCALL in connection to ww38.comicaso.xyz:443
3_unreachable_from_VN,moved_reset,themesia,manga,cosmic345.co,Cosmic Scans Indonesia,id,False,https://cosmic345.co/,https://ww38.kmvs03.com/,302,True,False,,,curl: (35) LibreSSL SSL_connect: SSL_ERROR_SYSCALL in connection to ww38.kmvs03.com:443
3_unreachable_from_VN,moved_reset,themesia,manga,eros-fabltoon.xyz,Eros Scans (Mirror),en,False,https://eros-fabltoon.xyz/,https://ww38.eros-fabltoon.xyz/,302,True,False,,,curl: (35) LibreSSL SSL_connect: SSL_ERROR_SYSCALL in connection to ww38.eros-fabltoon.xyz:443
3_unreachable_from_VN,blocked_isp,themesia,manga,hentai20.io,Hentai20.IO,en,True,https://hentai20.io/,https://hentai20.io/,000,False,False,,,curl: (35) Recv failure: Connection reset by peer
3_unreachable_from_VN,reset,themesia,manga,manhuaga.com,Ignis Comic,en,False,https://manhuaga.com/,https://manhuaga.com/,000,False,False,,,curl: (35) LibreSSL SSL_connect: SSL_ERROR_SYSCALL in connection to manhuaga.com:443
3_unreachable_from_VN,moved_reset,themesia,manga,www.manhwaland.asia,ManhwaLand,id,True,https://www.manhwaland.asia/,https://ww38.manhwaland.asia/,302,True,False,,,curl: (35) LibreSSL SSL_connect: SSL_ERROR_SYSCALL in connection to ww38.manhwaland.asia:443
3_unreachable_from_VN,moved_reset,themesia,manga,zonamiau.com,Lectormiau,es,False,https://zonamiau.com/,https://miauscan.com/,301,True,False,,,curl: (35) LibreSSL/3.3.6: error:1404B438:SSL routines:ST_CONNECT:tlsv1 alert internal error
3_unreachable_from_VN,blocked_isp,zorotheme,anime,hianime.to,H!anime,en,False,https://hianime.to/,https://hianime.to/,000,False,False,,,curl: (35) Recv failure: Connection reset by peer
4_layout_changed,theme_mismatch,madara,manga,apecomics.net,ApeComics,pt-BR,False,https://apecomics.net/,https://capitoons.com/,200,True,False,wp_other_theme,Capitoons,
4_layout_changed,theme_mismatch,madara,manga,araznovel.com,ArazNovel,tr,False,https://araznovel.com/,https://araznovel.com/,200,False,False,other_manga_layout,ArazNovel — Manga &amp; Novel,
4_layout_changed,theme_mismatch,madara,manga,doujinhentai.net,DoujinHentai,es,False,https://doujinhentai.net/,https://doujinhentai.net/,200,False,False,other_manga_layout,DoujinHentai | Leer Comic Manga Hentai Online Español,
4_layout_changed,theme_mismatch,madara,manga,freemanga.me,Free Manga,en,False,https://freemanga.me/,https://stripchats.io/Meii-meyy?affiliateId=031026xabahwsc9flbmchoc5rzey9q5wlc0m6pejwc0glj217b0r28m9iqxyo78m&campaignId=1f2e37304cf88d60d1e6679d5ab8ba778791685ef0f3f41a5c5e41f8152313c0&landing=goToTheRoom&modelId=201940068&modelName=Meii-meyy&realDomain=go.greentrafsa.com&schemeType=mediabuyer&smartpopBucketId=50&sound=off&trafficType=popunder&userId=318ae1f319b6a0ba51fa7159f8746cd6117d63c82ab61b791acc5d52009b130d&variationId=36787,200,True,False,rebuilt_spa,Amanndaaa Webcam Show | stripchats.io,
4_layout_changed,theme_mismatch,madara,manga,hiperdex.com,Hiperdex,en,True,https://hiperdex.com/,https://hiperdex.com/,200,False,False,rebuilt_spa,"Read Manhwa, Manga and Webtoons Online | HIPERDEX",
4_layout_changed,theme_mismatch,madara,manga,lectormangaa.com,LectorManga,es,True,https://lectormangaa.com/,https://lector-mangas.lat/,200,True,False,rebuilt_spa,Lectormanga — Leer Comics y Manhwas gratis en español,
4_layout_changed,theme_mismatch,madara,manga,legnmangas.com,LegnMangas,es,False,https://legnmangas.com/,https://legnmangas.com/,200,False,False,other_manga_layout,legnmangas.com - Coming Soon,
4_layout_changed,theme_mismatch,madara,manga,mangahona.pl,MangaHoNa,pl,False,https://mangahona.pl/,https://mangahona.pl/,200,False,False,rebuilt_spa,MangaHoNa,
4_layout_changed,theme_mismatch,madara,manga,mangalivre.tv,Manga Livre,pt-BR,False,https://mangalivre.tv/,https://toonlivre.net/,200,True,False,rebuilt_spa,ToonLivre | Manhwas e Webtoons em português,
4_layout_changed,theme_mismatch,madara,manga,manhastro.com,Manhastro,pt-BR,False,https://manhastro.com/,https://manhastro.net/,200,True,False,rebuilt_spa,Manhastro,
4_layout_changed,theme_mismatch,madara,manga,manhwahentai.me,Manhwa Hentai,en,True,https://manhwahentai.me/,https://manhwahentai.me/,200,False,False,rebuilt_spa,Free Manhwa Hentai &amp; Hentai Manhwa Updated Live,
4_layout_changed,theme_mismatch,madara,manga,manhwaraw.com,ManhwaRaw,ko,True,https://manhwaraw.com/,https://stripchats.io/Meii-meyy?affiliateId=031026c7z4xxbzeijbm6gjaa6eo05fhj7drp7wksbdma953kqn298gxmmhsdo6je&campaignId=1f2e37304cf88d60d1e6679d5ab8ba778791685ef0f3f41a5c5e41f8152313c0&landing=goToTheRoom&modelId=201940068&modelName=Meii-meyy&realDomain=go.greentrafsa.com&schemeType=mediabuyer&smartpopBucketId=92&sound=off&trafficType=popunder&userId=318ae1f319b6a0ba51fa7159f8746cd6117d63c82ab61b791acc5d52009b130d&variationId=36786,200,True,False,rebuilt_spa,Amanndaaa Webcam Show | stripchats.io,
4_layout_changed,theme_mismatch,madara,manga,manycomic.com,ManyComic,en,True,https://manycomic.com/,https://manycomic.com/,200,False,False,other_manga_layout,NAGAEMAS | ManyComic Koleksi Komik Digital dengan Berbagai Genre,
4_layout_changed,theme_mismatch,madara,manga,manytoon.com,ManyToon,en,True,https://manytoon.com/,https://stripchats.io/Meii-meyy?affiliateId=0310261uy22q2zl0v4anxn94xu0rnzwazpxtijc3zh6ixko19s9dib3gcbu7pkr4&campaignId=1f2e37304cf88d60d1e6679d5ab8ba778791685ef0f3f41a5c5e41f8152313c0&landing=goToTheRoom&modelId=201940068&modelName=Meii-meyy&realDomain=go.greentrafsa.com&schemeType=mediabuyer&smartpopBucketId=59&sound=off&trafficType=popunder&userId=318ae1f319b6a0ba51fa7159f8746cd6117d63c82ab61b791acc5d52009b130d&variationId=36787,200,True,False,rebuilt_spa,Amanndaaa Webcam Show | stripchats.io,
4_layout_changed,theme_mismatch,madara,manga,milftoon.xxx,Milftoon,en,True,https://milftoon.xxx/,https://milftoon.xxx/,200,False,False,rebuilt_spa,Milftoon Comics | Free Porn Comics,
4_layout_changed,theme_mismatch,madara,manga,nsfw.legnmangas.com,LegnMangasH+,es,True,https://nsfw.legnmangas.com/,https://nsfw.legnmangas.com/,200,False,False,other_manga_layout,nsfw.legnmangas.com - Coming Soon,
4_layout_changed,theme_mismatch,madara,manga,philiascans.org,Philia Scans,en,False,https://philiascans.org/,https://philiascans.org/,200,False,False,rebuilt_spa,Philia Scans — Read Manga Online For Free,
4_layout_changed,theme_mismatch,madara,manga,scaninmortal.com,Inmortal Scan,es,False,https://scaninmortal.com/,https://scaninmortal.com/,200,False,False,other_manga_layout,scaninmortal.com - Coming Soon,
4_layout_changed,theme_mismatch,madara,manga,stonescape.xyz,StoneScape,en,False,https://stonescape.xyz/,https://stonescape.xyz/,200,False,False,rebuilt_spa,StoneScape,
4_layout_changed,theme_mismatch,madara,manga,summertoons.com,SummerToon,tr,False,https://summertoons.com/,https://summertoons.net/,200,True,False,wp_other_theme,"Webtoon Oku, Manhwa Oku, Manga Oku, Novel | Summertoons",
4_layout_changed,theme_mismatch,madara,manga,twobluescans.com,MHScans,es,False,https://twobluescans.com/,https://www.este-link-redirije-a-mhscans.com/,200,True,False,wp_other_theme,Nos funaron wn :c... (No es cierto),
4_layout_changed,theme_mismatch,madara,manga,webdexscans.com,Webdex Scans,en,False,https://webdexscans.com/,https://webdexscans.com/,200,False,False,rebuilt_spa,webdexscans — Read free English manhua online,
4_layout_changed,theme_mismatch,madara,manga,www.mangaoku.org,Atikrost,tr,False,https://www.mangaoku.org/,https://mangaoku.com.tr/,200,True,False,rebuilt_spa,"Manga Oku - Türkçe Manga, Webtoon ve Manhwa | MangaOku",
4_layout_changed,theme_mismatch,madara,manga,yakshascans.com,YakshaScans,en,False,https://yakshascans.com/,https://t.co/JZoPmPvnr8,200,True,False,other_manga_layout,http://ravenscans.org,
4_layout_changed,theme_mismatch,mangabox,manga,www.manganelo.cc,MangaNelo.cc,en,False,https://www.manganelo.cc/,https://www.manganelo.cc/,200,False,False,other_manga_layout,Manganelo - Read Manga Online Free,
4_layout_changed,theme_mismatch,themesia,manga,ainzscans.net,Ainz Scans ID,id,False,https://ainzscans.net/,https://ainzscans.net/,200,False,False,other_manga_layout,Ainz Scans ID - Baca Komik Manga Manhwa Manhua Bahasa Indonesia Gratis Terlengka,
4_layout_changed,theme_mismatch,themesia,manga,drakecomic.org,Drake Scans,en,False,https://drakecomic.org/,https://drakecomic.net/,200,True,False,rebuilt_spa,Drake Scans — Read Manhwa &amp; Comics Online Free,
4_layout_changed,theme_mismatch,themesia,manga,fl-ares.com,ARESManga,ar,False,https://fl-ares.com/,https://fl-ares.com/,200,False,False,rebuilt_spa,مانجا ARESManga | أفضل موقع للمانهوا والمانجا العربية - افضل موقع للمانجا المترج,
4_layout_changed,theme_mismatch,themesia,manga,mangamukai.com,Manga Mukai,es,False,https://mangamukai.com/,https://mangamukai.com/,200,False,False,rebuilt_spa,MangaMukai — Leer manga online gratis en español,
4_layout_changed,theme_mismatch,themesia,manga,natsu.id,Natsu,id,False,https://natsu.id/,https://natsu.id/,200,False,False,other_manga_layout,"Natsu ID — Portal Baca Manga, Manhwa &amp; Manhua Bahasa Indonesia",
4_layout_changed,theme_mismatch,themesia,manga,rawkuma.com,Rawkuma,ja,False,https://rawkuma.com/,https://rawkuma.com/,200,False,False,other_manga_layout,Rawkuma | Discover Raw Manga &amp; Japanese Manga,
4_layout_changed,theme_mismatch,themesia,manga,westmanga.me,West Manga,id,False,https://westmanga.me/,https://westmanga.site/,200,True,False,other_manga_layout,Westmanga,
5_dead_dns,dns_fail,html_novel,novel,novelbin.com,Novel Bin,en,False,https://novelbin.com/,https://novelbin.com/,000,False,,,,curl: (6) Could not resolve host: novelbin.com
5_dead_dns,dns_fail,madara,manga,1stkissmanga.org,1ST KISS MANGA,en,False,https://1stkissmanga.org/,https://1stkissmanga.org/,000,False,False,,,curl: (6) Could not resolve host: 1stkissmanga.org
5_dead_dns,dns_fail,madara,manga,anisamanga.com,Anisa Manga,tr,True,https://anisamanga.com/,https://anisamanga.com/,000,False,False,,,curl: (6) Could not resolve host: anisamanga.com
5_dead_dns,dns_fail,madara,manga,asurascans.com.tr,Asura Scans TR,tr,False,https://asurascans.com.tr/,https://asurascans.com.tr/,000,False,False,,,curl: (6) Could not resolve host: asurascans.com.tr
5_dead_dns,dns_fail,madara,manga,bananamanga.net,Banana Manga,en,False,https://bananamanga.net/,https://bananamanga.net/,000,False,False,,,curl: (6) Could not resolve host: bananamanga.net
5_dead_dns,dns_fail,madara,manga,clanmarcial.com,Clan Marcial,es,False,https://clanmarcial.com/,https://clanmarcial.com/,000,False,False,,,curl: (6) Could not resolve host: clanmarcial.com
5_dead_dns,dns_fail,madara,manga,d0malfansub.com.tr,Domal Fansub,tr,True,https://d0malfansub.com.tr/,https://d0malfansub.com.tr/,000,False,False,,,curl: (6) Could not resolve host: d0malfansub.com.tr
5_dead_dns,dns_fail,madara,manga,firescans.xyz,Fire Scans,en,False,https://firescans.xyz/,https://firescans.xyz/,000,False,False,,,curl: (6) Could not resolve host: firescans.xyz
5_dead_dns,dns_fail,madara,manga,ghosthentai.com,Ghost Hentai,tr,False,https://ghosthentai.com/,https://ghosthentai.com/,000,False,False,,,curl: (6) Could not resolve host: ghosthentai.com
5_dead_dns,dns_fail,madara,manga,ghostscan.com.br,Ghost Scan,pt-BR,False,https://ghostscan.com.br/,https://ghostscan.com.br/,000,False,False,,,curl: (6) Could not resolve host: ghostscan.com.br
5_dead_dns,moved_dns_fail,madara,manga,hayalistic.com.tr,Hayalistic,tr,False,https://hayalistic.com.tr/,https://hayalistic.com/,301,True,False,,,curl: (6) Could not resolve host: hayalistic.com
5_dead_dns,dns_fail,madara,manga,hianatoscan.top,Hianato Scan,pt-BR,False,https://hianatoscan.top/,https://hianatoscan.top/,000,False,False,,,curl: (6) Could not resolve host: hianatoscan.top
5_dead_dns,dns_fail,madara,manga,hiper.cool,HipercooL,pt-BR,True,https://hiper.cool/,https://hiper.cool/,000,False,False,,,curl: (6) Could not resolve host: hiper.cool
5_dead_dns,dns_fail,madara,manga,kedi.to,Kedi.to,tr,False,https://kedi.to/,https://kedi.to/,000,False,False,,,curl: (6) Could not resolve host: kedi.to
5_dead_dns,dns_fail,madara,manga,mangafreak.online,Manga Freak,en,False,https://mangafreak.online/,https://mangafreak.online/,000,False,False,,,curl: (6) Could not resolve host: mangafreak.online
5_dead_dns,dns_fail,madara,manga,mangagezginim.com,MangaGezgini,tr,False,https://mangagezginim.com/,https://mangagezginim.com/,000,False,False,,,curl: (6) Could not resolve host: mangagezginim.com
5_dead_dns,dns_fail,madara,manga,mangamania.com.br,Mangá Mania,pt-BR,False,https://mangamania.com.br/,https://mangamania.com.br/,000,False,False,,,curl: (6) Could not resolve host: mangamania.com.br
5_dead_dns,dns_fail,madara,manga,mangareaderpro.com,Hades no Fansub,es,False,https://mangareaderpro.com/,https://mangareaderpro.com/,000,False,False,,,curl: (6) Could not resolve host: mangareaderpro.com
5_dead_dns,dns_fail,madara,manga,manytoon.me,ManyToon,en,True,https://manytoon.me/,https://manytoon.me/,000,False,False,,,curl: (6) Could not resolve host: manytoon.me
5_dead_dns,dns_fail,madara,manga,mysticmagic.com.br,Mystic Moon,pt-BR,False,https://mysticmagic.com.br/,https://mysticmagic.com.br/,000,False,False,,,curl: (6) Could not resolve host: mysticmagic.com.br
5_dead_dns,dns_fail,madara,manga,neroxus.com.br,Neroxus,pt-BR,False,https://neroxus.com.br/,https://neroxus.com.br/,000,False,False,,,curl: (6) Could not resolve host: neroxus.com.br
5_dead_dns,dns_fail,madara,manga,porncomix.online,PornComix,en,True,https://porncomix.online/,https://porncomix.online/,000,False,False,,,curl: (6) Could not resolve host: porncomix.online
5_dead_dns,dns_fail,madara,manga,samurai.wordoco.com,SamuraiScan,es,False,https://samurai.wordoco.com/,https://samurai.wordoco.com/,000,False,False,,,curl: (6) Could not resolve host: samurai.wordoco.com
5_dead_dns,dns_fail,madara,manga,shindai.com.br,Shindai Scan,pt-BR,False,https://shindai.com.br/,https://shindai.com.br/,000,False,False,,,curl: (6) Could not resolve host: shindai.com.br
5_dead_dns,dns_fail,madara,manga,siyahmelek.org,Gri Melek,tr,False,https://siyahmelek.org/,https://siyahmelek.org/,000,False,False,,,curl: (6) Could not resolve host: siyahmelek.org
5_dead_dns,dns_fail,madara,manga,toonclash.com,Mangaclash,en,False,https://toonclash.com/,https://toonclash.com/,000,False,False,,,curl: (6) Could not resolve host: toonclash.com
5_dead_dns,dns_fail,madara,manga,v2.comiz.net,Comiz.net,en,True,https://v2.comiz.net/,https://v2.comiz.net/,000,False,False,,,curl: (6) Could not resolve host: v2.comiz.net
5_dead_dns,dns_fail,madara,manga,winterscan.com,Winter Scan,pt-BR,False,https://winterscan.com/,https://winterscan.com/,000,False,False,,,curl: (6) Could not resolve host: winterscan.com
5_dead_dns,dns_fail,madara,manga,wintersunscan.xyz,Winter Sun,pt-BR,False,https://wintersunscan.xyz/,https://wintersunscan.xyz/,000,False,False,,,curl: (6) Could not resolve host: wintersunscan.xyz
5_dead_dns,dns_fail,madara,manga,www.doujinshell.com,DoujinsHell,es,True,https://www.doujinshell.com/,https://www.doujinshell.com/,000,False,False,,,curl: (6) Could not resolve host: www.doujinshell.com
5_dead_dns,dns_fail,madara,manga,www.kumotran.com,KumoTran,th,True,https://www.kumotran.com/,https://www.kumotran.com/,000,False,False,,,curl: (6) Could not resolve host: www.kumotran.com
5_dead_dns,dns_fail,madara,manga,www.rh2plusmanga.com,Rh2PlusManga,th,False,https://www.rh2plusmanga.com/,https://www.rh2plusmanga.com/,000,False,False,,,curl: (6) Could not resolve host: www.rh2plusmanga.com
5_dead_dns,dns_fail,madara,manga,www.swordalada.org,Noblesse Translations,es,False,https://www.swordalada.org/,https://www.swordalada.org/,000,False,False,,,curl: (6) Could not resolve host: www.swordalada.org
5_dead_dns,dns_fail,madara,manga,xn--algododoce-j5a.com,Algodão Doce,pt-BR,True,https://xn--algododoce-j5a.com/,https://xn--algododoce-j5a.com/,000,False,False,,,curl: (6) Could not resolve host: xn--algododoce-j5a.com
5_dead_dns,dns_fail,madara,manga,yaoibar.gay,Yaoibar,tr,True,https://yaoibar.gay/,https://yaoibar.gay/,000,False,False,,,curl: (6) Could not resolve host: yaoibar.gay
5_dead_dns,dns_fail,madara,manga,yaoiflix.kim,Yaoi Flix,tr,True,https://yaoiflix.kim/,https://yaoiflix.kim/,000,False,False,,,curl: (6) Could not resolve host: yaoiflix.kim
5_dead_dns,dns_fail,madara,manga,zandynofansub.aishiteru.org,Zandy no Fansub,en,True,https://zandynofansub.aishiteru.org/,https://zandynofansub.aishiteru.org/,000,False,False,,,curl: (6) Could not resolve host: zandynofansub.aishiteru.org
5_dead_dns,dns_fail,madtheme,manga,boxmanhwa.com,Box Manhwa,en,False,https://boxmanhwa.com/,https://boxmanhwa.com/,000,False,False,,,curl: (6) Could not resolve host: boxmanhwa.com
5_dead_dns,dns_fail,mangabox,manga,mangabiz.org,Manga Biz,en,False,https://mangabiz.org/,https://mangabiz.org/,000,False,False,,,curl: (6) Could not resolve host: mangabiz.org
5_dead_dns,moved_dns_fail,mangabox,manga,www.mangakakalot.gg,Mangakakalot,en,False,https://www.mangakakalot.gg/,https://ww3.mangakakalot.gg/,301,True,False,,,curl: (6) Could not resolve host: ww3.mangakakalot.gg
5_dead_dns,moved_dns_fail,mangabox,manga,www.natomanga.com,Manganato,en,False,https://www.natomanga.com/,https://www3.natomanga.com/,301,True,False,,,curl: (6) Could not resolve host: www3.natomanga.com
5_dead_dns,moved_dns_fail,mangabox,manga,www.nelomanga.net,Manganelo,en,False,https://www.nelomanga.net/,https://ww3.nelomanga.net/,301,True,False,,,curl: (6) Could not resolve host: ww3.nelomanga.net
5_dead_dns,dns_fail,themesia,manga,culturesubs.com,Culture Subs,tr,False,https://culturesubs.com/,https://culturesubs.com/,000,False,False,,,curl: (6) Could not resolve host: culturesubs.com
5_dead_dns,dns_fail,themesia,manga,cypher-comic.xyz,Cypher Scans,en,False,https://cypher-comic.xyz/,https://cypher-comic.xyz/,000,False,False,,,curl: (6) Could not resolve host: cypher-comic.xyz
5_dead_dns,dns_fail,themesia,manga,dexhentai.com,DEXHentai,en,True,https://dexhentai.com/,https://dexhentai.com/,000,False,False,,,curl: (6) Could not resolve host: dexhentai.com
5_dead_dns,dns_fail,themesia,manga,erosnecro.xyz,Eros Scans (Mirror),en,False,https://erosnecro.xyz/,https://erosnecro.xyz/,000,False,False,,,curl: (6) Could not resolve host: erosnecro.xyz
5_dead_dns,dns_fail,themesia,manga,kingofmanhwa.com,King of Manhwa,en,False,https://kingofmanhwa.com/,https://kingofmanhwa.com/,000,False,False,,,curl: (6) Could not resolve host: kingofmanhwa.com
5_dead_dns,dns_fail,themesia,manga,komikindo1.link,Komikindo,id,True,https://komikindo1.link/,https://komikindo1.link/,000,False,False,,,curl: (6) Could not resolve host: komikindo1.link
5_dead_dns,dns_fail,themesia,manga,mangagojo.com,MangaGojo,en,True,https://mangagojo.com/,https://mangagojo.com/,000,False,False,,,curl: (6) Could not resolve host: mangagojo.com
5_dead_dns,dns_fail,themesia,manga,mangakings.com.tr,Manga Kings,tr,False,https://mangakings.com.tr/,https://mangakings.com.tr/,000,False,False,,,curl: (6) Could not resolve host: mangakings.com.tr
5_dead_dns,dns_fail,themesia,manga,mangakita.id,Mangakita,id,False,https://mangakita.id/,https://mangakita.id/,000,False,False,,,curl: (6) Could not resolve host: mangakita.id
5_dead_dns,dns_fail,themesia,manga,mangaoku.org.tr,Manga Oku,tr,False,https://mangaoku.org.tr/,https://mangaoku.org.tr/,000,False,False,,,curl: (6) Could not resolve host: mangaoku.org.tr
5_dead_dns,dns_fail,themesia,manga,mangaokutr.com,Manga Oku TR,tr,False,https://mangaokutr.com/,https://mangaokutr.com/,000,False,False,,,curl: (6) Could not resolve host: mangaokutr.com
5_dead_dns,dns_fail,themesia,manga,mangas-scans.com,Mangas Scans,fr,False,https://mangas-scans.com/,https://mangas-scans.com/,000,False,False,,,curl: (6) Could not resolve host: mangas-scans.com
5_dead_dns,dns_fail,themesia,manga,mangatx.cc,MangaTX,en,True,https://mangatx.cc/,https://mangatx.cc/,000,False,False,,,curl: (6) Could not resolve host: mangatx.cc
5_dead_dns,dns_fail,themesia,manga,manhuascan.us,Manhuascan,en,True,https://manhuascan.us/,https://manhuascan.us/,000,False,False,,,curl: (6) Could not resolve host: manhuascan.us
5_dead_dns,dns_fail,themesia,manga,manhwalist.xyz,Manhwa List,id,False,https://manhwalist.xyz/,https://manhwalist.xyz/,000,False,False,,,curl: (6) Could not resolve host: manhwalist.xyz
5_dead_dns,dns_fail,themesia,manga,manhwaunlock.com,Manga Archive,en,False,https://manhwaunlock.com/,https://manhwaunlock.com/,000,False,False,,,curl: (6) Could not resolve host: manhwaunlock.com
5_dead_dns,dns_fail,themesia,manga,noromax01.my.id,Noromax,id,False,https://noromax01.my.id/,https://noromax01.my.id/,000,False,False,,,curl: (6) Could not resolve host: noromax01.my.id
5_dead_dns,dns_fail,themesia,manga,popsmanga.com,PopsManga,th,False,https://popsmanga.com/,https://popsmanga.com/,000,False,False,,,curl: (6) Could not resolve host: popsmanga.com
5_dead_dns,dns_fail,themesia,manga,senpaimangas.online,Senpai Mangas,es,False,https://senpaimangas.online/,https://senpaimangas.online/,000,False,False,,,curl: (6) Could not resolve host: senpaimangas.online
5_dead_dns,dns_fail,themesia,manga,siikomik.art,Siikomik,id,False,https://siikomik.art/,https://siikomik.art/,000,False,False,,,curl: (6) Could not resolve host: siikomik.art
5_dead_dns,dns_fail,themesia,manga,siikomik.fun,Siikomik,id,False,https://siikomik.fun/,https://siikomik.fun/,000,False,False,,,curl: (6) Could not resolve host: siikomik.fun
5_dead_dns,dns_fail,themesia,manga,silencescan.com.br,Silence Scan,pt-BR,False,https://silencescan.com.br/,https://silencescan.com.br/,000,False,False,,,curl: (6) Could not resolve host: silencescan.com.br
5_dead_dns,dns_fail,themesia,manga,skymanga.work,Skymanga.work,en,True,https://skymanga.work/,https://skymanga.work/,000,False,False,,,curl: (6) Could not resolve host: skymanga.work
5_dead_dns,dns_fail,themesia,manga,swatscans.com,MangaSwat,ar,False,https://swatscans.com/,https://swatscans.com/,000,False,False,,,curl: (6) Could not resolve host: swatscans.com
5_dead_dns,dns_fail,themesia,manga,tecnoprojects.com,TecnoProjects,es,False,https://tecnoprojects.com/,https://tecnoprojects.com/,000,False,False,,,curl: (6) Could not resolve host: tecnoprojects.com
5_dead_dns,dns_fail,themesia,manga,tenshi01.id,Tenshi,id,False,https://tenshi01.id/,https://tenshi01.id/,000,False,False,,,curl: (6) Could not resolve host: tenshi01.id
5_dead_dns,dns_fail,themesia,manga,yurilabs.my.id,Ota Scans,id,False,https://yurilabs.my.id/,https://yurilabs.my.id/,000,False,False,,,curl: (6) Could not resolve host: yurilabs.my.id
5_dead_dns,dns_fail,themesia,manga,yurilabscans.my.id,Yurilab,id,True,https://yurilabscans.my.id/,https://yurilabscans.my.id/,000,False,False,,,curl: (6) Could not resolve host: yurilabscans.my.id
5_dead_parked,theme_mismatch,madara,manga,1stkissmanhua.net,First Kiss Manhua,en,False,https://1stkissmanhua.net/,http://xml-v4.oceanfall.xyz/click?i=1*dIbZ*DKSk_0,200,True,False,parked,Loading...,
5_dead_parked,theme_mismatch,madara,manga,argoscomic.com,Argos Comics,pt-BR,False,https://argoscomic.com/,https://argoscomic.com/,200,False,False,parked,Redirecting...,
5_dead_parked,theme_mismatch,madara,manga,atemporal.cloud,Atemporal,pt-BR,False,https://atemporal.cloud/,https://atemporal.cloud/,200,False,False,parked,Redirecting...,
5_dead_parked,theme_mismatch,madara,manga,cocorip.net,Cocorip,es,True,https://cocorip.net/,https://tyfuqa.com/fk?dat=p0Z3NKN4UGJneYPFK24RS349fk93bFJiekN3RkhMM0x4UVUzbEliNTh0ek53LzdIMUZEdGU1dUxOZWpMTDlpcWZkWFg1NU4vUUptVk81UENaV25QRWhxbjV2b1ZuTWNrNzJHd2U1SVlqOHRjNFFxdFlJcjlCeFdCeE9aTW5qYVZRYzJvVG5KS2J5Qzc5Uy9hNVZPbitqY2tHZVpnd3I5SDFwb1FqdFE2RDdTM2tsSlNjQmVyYzJOUXRvNUZ2SHNlK1Yyc0NNWHA3dHByMWlMOEZ5UWRlTVB5Z3N1cm5IN2N1VXIwMkpZdGIrS1Ura0VKSTUwNFZIRjIzSzhXeTR4dWZxYlZzTExMdStLNHdHQmN4WmZBVHRBTTQ2dmdFM2s0RkRCdFFnMFhoVHlieVNHaTBJcmI2bkFiWkxGVDVzeUN0SjdIZE44ZmxoZytycnVkVzNwRFl1TXhSallDN0NHUWFSNjhQSnFxZnNTUDJmRjNTakVybXQ5Yy9HUDhRWjlBRm9JUWU2ZS90SEo0dDJmMGhoZjZrRnA0TEpYS00rZzJCUHdaczBWdUdoN1djcEZuYTh2cG4wYUVmQ0ZmNGdrTjVlTThjOERKdGpnYkxwcVVPRlpiSlAvNjQ0NXdHajVrZkJMZFlYcjJxcW9kaHpuOTU3VEZ4cU5DY2tTbkxJSkRaY2pwaEhaSWZWTkdJSXFCelREM3Q4aWlnc3grK3kvNUZNOTN1bnRYQT09,200,True,False,parked,,
5_dead_parked,theme_mismatch,madara,manga,cvnscan.com,Coven Scan,pt-BR,True,https://cvnscan.com/,https://cvnscan.com/,200,False,False,parked,Redirecting...,
5_dead_parked,parked,madara,manga,darknebulusmanga.com,Dark Nebulus Manga,es,False,https://darknebulusmanga.com/,https://darknebulusmanga.com/,200,False,False,,,
5_dead_parked,theme_mismatch,madara,manga,fenixscan.xyz,Fênix Manhwas,pt-BR,False,https://fenixscan.xyz/,https://fenixscan.xyz/,200,False,False,parked,Redirecting...,
5_dead_parked,theme_mismatch,madara,manga,freecomiconline.me,Free Comic Online,en,True,https://freecomiconline.me/,https://freecomiconline.me/,200,False,False,parked,Redirecting...,
5_dead_parked,theme_mismatch,madara,manga,galinhasamurai.com,Galinha Samurai Scan,pt-BR,False,https://galinhasamurai.com/,https://galinhasamurai.com/,200,False,False,parked,,
5_dead_parked,theme_mismatch,madara,manga,gooffansub.com,Goof Fansub,pt-BR,False,https://gooffansub.com/,https://gooffansub.com/,200,False,False,parked,Redirecting...,
5_dead_parked,theme_mismatch,madara,manga,hunterscomics.com,Hunters Scan,pt-BR,False,https://hunterscomics.com/,https://hunterscomics.com/,200,False,False,parked,Redirecting...,
5_dead_parked,theme_mismatch,madara,manga,hwago01.xyz,Hwago,id,False,https://hwago01.xyz/,https://hwago01.xyz/,200,False,False,parked,Redirecting...,
5_dead_parked,theme_mismatch,madara,manga,infinyxscan.cloud,InfinyxScan,pt-BR,False,https://infinyxscan.cloud/,https://infinyxscan.cloud/,200,False,False,parked,Redirecting...,
5_dead_parked,parked,madara,manga,inkreads.com,MurimScan,en,False,https://inkreads.com/,https://www.hugedomains.com/domain_profile.cfm?d=inkreads.com,200,True,False,,,
5_dead_parked,theme_mismatch,madara,manga,isekaiscanmanga.com,Isekaiscan Manga,en,False,https://isekaiscanmanga.com/,https://isekaiscanmanga.com/,200,False,False,parked,Redirecting...,
5_dead_parked,parked,madara,manga,jiangzaitoon.wtf,Jiangzaitoon,tr,False,https://jiangzaitoon.wtf/,https://expireddomains.com/domain/jiangzaitoon.wtf?utm_source=redi,200,True,False,,,
5_dead_parked,theme_mismatch,madara,manga,kdtscans.com,KDT SCANS,es,False,https://kdtscans.com/,https://kdtscans.com/,200,False,False,parked,Loading...,
5_dead_parked,theme_mismatch,madara,manga,kikomanga.com,Kikomanga,en,True,https://kikomanga.com/,https://kikomanga.com/,200,False,False,parked,Redirecting...,
5_dead_parked,theme_mismatch,madara,manga,lectortaurus.yopres.com,Taurus Fansub,es,False,https://lectortaurus.yopres.com/,https://lectortaurus.yopres.com/,200,False,False,parked,Redirecting...,
5_dead_parked,parked,madara,manga,likemanga.in,Like Manga,en,False,https://likemanga.in/,https://likemanga.in/,200,False,False,,,
5_dead_parked,theme_mismatch,madara,manga,limitedtimeproject.com,Limited Time Project,pt-BR,False,https://limitedtimeproject.com/,https://limitedtimeproject.com/,200,False,False,parked,Redirecting...,
5_dead_parked,theme_mismatch,madara,manga,lower-world.com,LowerWorld,tr,False,https://lower-world.com/,https://noithatmyhome.vn/,200,True,False,parked,MYHOME – Thiết Kế &amp; Thi Công Nội Thất Cao Cấp - Tủ bếp Inox,
5_dead_parked,theme_mismatch,madara,manga,lumos01.com,LumosKomik,id,True,https://lumos01.com/,https://lumos01.com/,200,False,False,parked,Loading...,
5_dead_parked,theme_mismatch,madara,manga,maidsecret.com,Maid Secret,pt-BR,True,https://maidsecret.com/,https://maidsecret.com/,200,False,False,parked,Redirecting...,
5_dead_parked,theme_mismatch,madara,manga,mangabin.com,MangaBin,en,False,https://mangabin.com/,https://mangabin.com/,200,False,False,parked,Redirecting...,
5_dead_parked,theme_mismatch,madara,manga,mangacrab2.yopres.com,Manga Crab,es,False,https://mangacrab2.yopres.com/,https://mangacrab2.yopres.com/,200,False,False,parked,Redirecting...,
5_dead_parked,theme_mismatch,madara,manga,mangaempress.com,Manga Empress,en,False,https://mangaempress.com/,https://mangaempress.com/,200,False,False,parked,,
5_dead_parked,theme_mismatch,madara,manga,mangaleveling.com,MangaLeveling,en,False,https://mangaleveling.com/,https://mangaleveling.com/,200,False,False,parked,,
5_dead_parked,theme_mismatch,madara,manga,manganato.io,Manganato,en,False,https://manganato.io/,http://sandh-zvg.com/zokvisitor/3cbbcae1-bf13-11f1-b5d7-12fffff9d331/72092e88-2c53-401c-b988-51ef43ce1034?campaignid=3cd4f834-bf13-11f1-b5d7-12fffff9d331,200,True,False,parked,Loading...,
5_dead_parked,theme_mismatch,madara,manga,mangaonline.blog,Manga Online Blog,pt-BR,False,https://mangaonline.blog/,https://mangaonline.blog/,200,False,False,parked,Redirecting...,
5_dead_parked,parked,madara,manga,mangaonlineteam.com,Manga Online Team,en,False,https://mangaonlineteam.com/,https://mangaonlineteam.com/,200,False,False,,,
5_dead_parked,theme_mismatch,madara,manga,mangarockteam.com,Manga Rock Team,en,False,https://mangarockteam.com/,https://mangarockteam.com/,200,False,False,parked,Redirecting...,
5_dead_parked,theme_mismatch,madara,manga,mangarose.net,Manga Rose,ar,False,https://mangarose.net/,https://mangarose.net/,200,False,False,parked,Redirecting...,
5_dead_parked,theme_mismatch,madara,manga,mangatr.app,MangaTR,tr,False,https://mangatr.app/,https://mangatr.app/,200,False,False,parked,Redirecting...,
5_dead_parked,theme_mismatch,madara,manga,manhuaes.com,Manhua ES,en,False,https://manhuaes.com/,https://manhuaes.com/,200,False,False,parked,Redirecting...,
5_dead_parked,theme_mismatch,madara,manga,manhuamanhwa.com,ManhuaManhwa,en,False,https://manhuamanhwa.com/,http://ww19.manhuamanhwa.com/,200,True,False,parked,Loading...,
5_dead_parked,theme_mismatch,madara,manga,marcialhub.xyz,JeazScans,es,False,https://marcialhub.xyz/,https://marcialhub.xyz/,200,False,False,parked,,
5_dead_parked,theme_mismatch,madara,manga,mgkomik.org,MGKOMIK,en,False,https://mgkomik.org/,https://www.slot99vn.cc/#/?chanId=2089633595977805825&platform=rollerads&source_platform=rollerads&pixel_id=rgas86g8exz4l7nxt3c5&pixel_click_id=GLkCOISEB2jfqlRw8dSDAugBz9OUAYACm7SgjZO9vvMD&click_id=GLkCOISEB2jfqlRw8dSDAugBz9OUAYACm7SgjZO9vvMD&utm_source=rollerads&utm_campaign=1381727&utm_content=4254321&utm_term=2435535&account_id=115204&campaign_id=1381727&ad_group_id=2435535&ad_id=4254321,200,True,False,parked,Loading...,
5_dead_parked,theme_mismatch,madara,manga,miaetranslations.site,Miae Translations,pt-BR,False,https://miaetranslations.site/,https://miaetranslations.site/,200,False,False,parked,Redirecting...,
5_dead_parked,theme_mismatch,madara,manga,novelmic.com,NovelMic,en,False,https://novelmic.com/,https://novelmic.com/,200,False,False,parked,Redirecting...,
5_dead_parked,parked,madara,manga,opiatoon.pro,Opiatoon,tr,False,https://opiatoon.pro/,https://expireddomains.com/domain/opiatoon.pro,200,True,False,,,
5_dead_parked,theme_mismatch,madara,manga,passamaoscan.com,Passa Mão Scan,pt-BR,False,https://passamaoscan.com/,http://xml-v4.pushub.net/click?i=oSeES3a5fZo_0,200,True,False,parked,Loading...,
5_dead_parked,theme_mismatch,madara,manga,pawmanga.com,Paw Manga,en,True,https://pawmanga.com/,https://hppymel.com/r/YB_1a2lf2b6_9Bpvl2tm63Jr7alhTVYiSE7wys9FFNa9qfBaQOKKMPrQ0-TjbQu4c9loEpojVRtEykkoZRJpNPSRoAYEfXAUZ-LY0poG5kIcOlR1qCJnLjVvpChp6PQj7gBo5NcF0iygUwDC8D7cDf_k6NWw4aH5-SJ6WfWuoGVMkXV65RIZIQ4fYcSUPsCfkDTorys3e5J6RDQRbBHccAplCAGzIVDZqulFnE4bo2ij6MtDuqLzPa38TJ1iJin1sypxuJew--gLhFX6rYL8Nyq8cKLN7-8TpicOKbNcSLahj1jc18ZK1yzFKlUjJOsSzyJsQw3WBLkt2yGOGor3PdII2azPl63SKJS0_lPdL0WgdXcF0iXuovaTHggMABsYq9NlBswbrL8xQhaX6TgkCtRCMOjln3YNsGElGCdkxDXaGyHXuy0mJnsKlBIK_GIlCyRDYkMZdJ34as6H43eeBLkjJOabjdudP7LMjXX8lyCX93fWBJ2HReh693WC7dFEuuCXVaPWQ-GQTxHVNLvdxrHFX1VyASS9abqUJMMKW7dconq-sKXfPzRTpzNJ1e06c_Q3MP7tU_CctfYTw7f0K4btDELUJHMir-f9nDWJN5KOHGcxxU2UIItLnkNDHjBpJ3w3fDsI0CGiUfx8-kTb4__qoGGhUZOg9Cq0wdnfR9ZAQ9PG5Wwwf--KOGzNsdJilparwr8lwcdZZeB9ungPq8w8wYo_PO96XxrMbr-EsXwCwjf_F3m8MvAjvvpNNOS72HaiSULJQnPLX6gdPLAtysGtcVg_UqkYGAs92isRtCapvj-Kxqtq7g53zi_H1MT_VHokDli7e0VCjI0-1pQWTQ,200,True,False,parked,Loading...,
5_dead_parked,theme_mismatch,madara,manga,plutoscans.com,Pluto Scans,en,False,https://plutoscans.com/,https://plutoscans.com/,200,False,False,parked,Loading...,
5_dead_parked,theme_mismatch,madara,manga,pojokmanga.info,PojokManga,en,False,https://pojokmanga.info/,https://pojokmanga.info/,200,False,False,parked,Redirecting...,
5_dead_parked,theme_mismatch,madara,manga,ragnarscans.com,Ragnar Scans,tr,False,https://ragnarscans.com/,https://ragnarscans.net/,200,True,False,parked,"RagnarScans - Manga, Manhwa ve Webtoon Okuma Platformu | TR",
5_dead_parked,theme_mismatch,madara,manga,readmangafree.net,ReadMangaFree,th,True,https://readmangafree.net/,https://readmangafree.net/,200,False,False,parked,Loading...,
5_dead_parked,theme_mismatch,madara,manga,s2manga.com,S2Manga,en,False,https://s2manga.com/,https://s2manga.com/,200,False,False,parked,Loading...,
5_dead_parked,parked,madara,manga,s2manga.io,S2 MANGA,en,False,https://s2manga.io/,https://s2manga.io/,200,False,False,,,
5_dead_parked,theme_mismatch,madara,manga,spmanhwa.online,Spmanhwa,en,False,https://spmanhwa.online/,https://spmanhwa.online/,200,False,False,parked,,
5_dead_parked,theme_mismatch,madara,manga,summanga.com,Summanga,en,False,https://summanga.com/,https://summanga.com/,200,False,False,parked,Redirecting...,
5_dead_parked,theme_mismatch,madara,manga,summertoon.co,SummerToon,tr,False,https://summertoon.co/,http://xml-v4.pushub.net/click?i=DntkdIxJSAM_0,200,True,False,parked,Loading...,
5_dead_parked,theme_mismatch,madara,manga,timenaight.com,Time Naight,tr,False,https://timenaight.com/,https://timenaight.com/,200,False,False,parked,Redirecting...,
5_dead_parked,theme_mismatch,madara,manga,timenaight.org,Time Naight,tr,False,https://timenaight.org/,https://timenaight.org/,200,False,False,parked,Redirecting...,
5_dead_parked,parked,madara,manga,titanmanga.com,Titan Manga,tr,False,https://titanmanga.com/,https://www.hugedomains.com/domain_profile.cfm?d=titanmanga.com,200,True,False,,,
5_dead_parked,theme_mismatch,madara,manga,topreadmanhwa.com,TopReadManhwa,en,False,https://topreadmanhwa.com/,http://xml-v4.oceanfall.xyz/click?i=ffDV*UE6M2o_0,200,True,False,parked,Loading...,
5_dead_parked,theme_mismatch,madara,manga,tresdaos.net,Tres Daos Net,es,False,https://tresdaos.net/,https://cdn.majesticsofaindia.com/tml/l/l84/?v=2605190958-3#/tml/newLuckyDrawPlusViet.html?v=2604201626-3#/?d.ptkid=GLkCOJXsBmjp-k9w5Z38AegBqOSJAYACuPugjdu9vvMD&d.pext=2257448&d.algId=43&osv=12&d.pubCatId=61&d.rankab=3&uid=0d4cd074-88ee-4419-b4a9-891e389d23db&lang=en-US&pid=19798&jsv=2609231731&model=M2102J20SG&tid=571&os=1&reqId=20b4c125c287485f873fbbba6377e180&appk=Ee9SF7FMpUeXhJtgG85C3Sl1PxGaeInY&d.pst=1&d.psubid=313&did=0d4cd074-88ee-4419-b4a9-891e389d23db&dtype=1&d.adPlat=1&d.mltype=0,200,True,False,parked,Loading...,
5_dead_parked,theme_mismatch,madara,manga,tresdaos.zonaemperor.com,Tres Daos Net,es,False,https://tresdaos.zonaemperor.com/,https://tresdaos.zonaemperor.com/,200,False,False,parked,Loading...,
5_dead_parked,theme_mismatch,madara,manga,webtoonhatti.me,WebtoonHattı,tr,False,https://webtoonhatti.me/,https://ww17.webtoonhatti.me/,200,True,False,parked,,
5_dead_parked,theme_mismatch,madara,manga,webtoontr.net,Webtoon TR,tr,False,https://webtoontr.net/,https://webtoontr.net/,200,False,False,parked,Default page,
5_dead_parked,theme_mismatch,madara,manga,www.darknebulus.com,Dark Nebulus,es,False,https://www.darknebulus.com/,https://www.darknebulus.com/,200,False,False,parked,Loading...,
5_dead_parked,theme_mismatch,madara,manga,x-manga.net,X-Manga,fr,True,https://x-manga.net/,https://x-manga.net/,200,False,False,parked,X-Manga Hentai | Scan hentai FR de Manga porno,
5_dead_parked,theme_mismatch,madara,manga,zinchangmanga.com,ZinChanManga,en,True,https://zinchangmanga.com/,https://zinchangmanga.com/,200,False,False,parked,Redirecting...,
5_dead_parked,theme_mismatch,madara,manga,zinchangmanga.net,ZinChanManga,en,True,https://zinchangmanga.net/,https://zinchangmanga.net/,200,False,False,parked,Redirecting...,
5_dead_parked,theme_mismatch,madtheme,manga,mangapuma.com,Manga Puma,en,False,https://mangapuma.com/,https://mangapuma.com/,200,False,False,parked,Redirecting...,
5_dead_parked,parked,madtheme,manga,mangasaga.com,Manga Saga,en,False,https://mangasaga.com/,https://mangasaga.com/,200,False,False,,,
5_dead_parked,theme_mismatch,themesia,manga,athenamanga.com,Athena Fansub,tr,False,https://athenamanga.com/,http://xml-v4.pushub.net/click?i=4L5xZtpmn8U_0,200,True,False,parked,Loading...,
5_dead_parked,theme_mismatch,themesia,manga,carteldemanhwas.com,Cartel De Manhwas,es,False,https://carteldemanhwas.com/,https://carteldemanhwas.com/,200,False,False,parked,Loading...,
5_dead_parked,theme_mismatch,themesia,manga,constellarcomic.com,Constellar Scans,en,True,https://constellarcomic.com/,http://ww19.constellarcomic.com/,200,True,False,parked,Loading...,
5_dead_parked,theme_mismatch,themesia,manga,cypheroscans.xyz,Cypher Scans,en,False,https://cypheroscans.xyz/,https://cypheroscans.xyz/,200,False,False,parked,Loading...,
5_dead_parked,theme_mismatch,themesia,manga,diskusscan.online,Diskus Scan,pt-BR,False,https://diskusscan.online/,https://diskusscan.online/,200,False,False,parked,,
5_dead_parked,theme_mismatch,themesia,manga,enryucomics.com,EnryuManga,en,False,https://enryucomics.com/,https://enryucomics.com/,200,False,False,parked,Redirecting...,
5_dead_parked,theme_mismatch,themesia,manga,futari.info,Futari,id,False,https://futari.info/,https://futari.info/,200,False,False,parked,Loading...,
5_dead_parked,theme_mismatch,themesia,manga,gremorymangas.com,Gremory Mangas,es,False,https://gremorymangas.com/,https://gremorymangas.com/,200,False,False,parked,Loading...,
5_dead_parked,theme_mismatch,themesia,manga,kaiscans.org,Kai Scans,en,False,https://kaiscans.org/,https://kaiscans.org/,200,False,False,parked,Loading...,
5_dead_parked,theme_mismatch,themesia,manga,komikcast02.com,Komik Cast,id,False,https://komikcast02.com/,https://komikcast02.com/,200,False,False,parked,Redirecting...,
5_dead_parked,theme_mismatch,themesia,manga,komiksin.id,Komiksin ID,id,False,https://komiksin.id/,https://komiksin.id/,200,False,False,parked,Loading...,
5_dead_parked,theme_mismatch,themesia,manga,komikstation.co,KomikStation,id,False,https://komikstation.co/,https://komikstation.co/,200,False,False,parked,Loading...,
5_dead_parked,theme_mismatch,themesia,manga,komiku.one,Komiku,id,False,https://komiku.one/,https://komiku.in/,200,True,False,parked,Redirecting...,
5_dead_parked,theme_mismatch,themesia,manga,lazonadellirio.com,La Zona del Lirio,es,True,https://lazonadellirio.com/,https://lazonadellirio.com/,200,False,False,parked,Redirecting...,
5_dead_parked,theme_mismatch,themesia,manga,luascans.com,Lua Scans,en,False,https://luascans.com/,https://luascans.com/,200,False,False,parked,Redirecting...,
5_dead_parked,theme_mismatch,themesia,manga,mangaatrend.net,Manga Trend,ar,False,https://mangaatrend.net/,https://mangaatrend.net/,200,False,False,parked,Loading...,
5_dead_parked,theme_mismatch,themesia,manga,mangahentai.io,Mangahentai,en,True,https://mangahentai.io/,https://mangahentai.io/,200,False,False,parked,Loading...,
5_dead_parked,theme_mismatch,themesia,manga,mangakoleji.com,Manga Koleji,tr,False,https://mangakoleji.com/,https://mangakoleji.com/,200,False,False,parked,Redirecting...,
5_dead_parked,theme_mismatch,themesia,manga,manhwahentai.io,Manhwahentai,en,True,https://manhwahentai.io/,https://manhwahentai.io/,200,False,False,parked,Loading...,
5_dead_parked,theme_mismatch,themesia,manga,manhwax.org,Manhwax,en,True,https://manhwax.org/,https://manhwax.org/,200,False,False,parked,Loading...,
5_dead_parked,theme_mismatch,themesia,manga,raikiscan.com,Raiki Scan,es,False,https://raikiscan.com/,https://raikiscan.com/,200,False,False,parked,Redirecting...,
5_dead_parked,theme_mismatch,themesia,manga,rofantoon.com,Rofan Toon,es,False,https://rofantoon.com/,http://xml-v4.pushub.net/click?i=bpJRO8gXWCY_0,200,True,False,parked,Loading...,
5_dead_parked,theme_mismatch,themesia,manga,sirenkomik.my.id,Siren Komik,id,False,https://sirenkomik.my.id/,https://sirenkomik.xyz/,200,True,False,parked,Redirecting...,
5_dead_parked,parked,themesia,manga,sobicscans.xyz,Eros Scans,en,False,https://sobicscans.xyz/,https://sobicscans.xyz/,200,False,False,,,
5_dead_parked,theme_mismatch,themesia,manga,sweetmanhwa.online,Flone Scans,en,False,https://sweetmanhwa.online/,https://sweetmanhwa.online/,200,False,False,parked,Redirecting...,
5_dead_parked,parked,themesia,manga,tecnoprojects.xyz,TecnoProjects,es,False,https://tecnoprojects.xyz/,https://tecnoprojects.xyz/,200,False,False,,,
5_dead_parked,theme_mismatch,themesia,manga,tresdaos.com,Tres Daos Scan,es,False,https://tresdaos.com/,http://3daos.mewingzone.com/,200,True,False,parked,Loading...,
5_dead_parked,theme_mismatch,themesia,manga,tukangkomik.co,TukangKomik,en,False,https://tukangkomik.co/,http://click-v4.junclikrmedi.com/click?i=6WGWq4o6iuA_0,200,True,False,parked,Loading...,
5_dead_parked,theme_mismatch,themesia,manga,xcalibrscans.com,xCaliBR Scans,en,False,https://xcalibrscans.com/,https://xcalibrscans.com/,200,False,False,parked,Loading...,
5_dead_parked,theme_mismatch,zorotheme,anime,hianime.mn,H!anime MN,en,False,https://hianime.mn/,https://hianime.mn/,200,False,False,parked,,
5_dead_parked,theme_mismatch,zorotheme,anime,hianime.sx,H!anime SX,en,False,https://hianime.sx/,https://hianime.sx/,200,False,False,parked,Redirecting...,
5_dead_repurposed,theme_mismatch,madara,manga,brmangas.top,BR Mangás,pt-BR,False,https://brmangas.top/,https://brmangas.top/,200,False,False,unrelated,Redirecting,
5_dead_repurposed,theme_mismatch,madara,manga,freemangatop.com,FREE MANGA TOP,en,False,https://freemangatop.com/,https://freemangatop.com/,200,False,False,gambling,INGATBOLA88 ✈️ Portal Resmi Taruhan Bola & Slot Online | Login dan Link Alternat,
5_dead_repurposed,theme_mismatch,madara,manga,garciamanga.com,Garcia Manga,tr,False,https://garciamanga.com/,https://garciamanga.com/cgi-sys/suspendedpage.cgi,200,False,False,unrelated,Account Suspended,
5_dead_repurposed,theme_mismatch,madara,manga,hadesnofansub.com,Hades no Fansub,es,False,https://hadesnofansub.com/,https://hadesnofansub.com/,200,False,False,unrelated,Hades no Fansub,
5_dead_repurposed,theme_mismatch,madara,manga,harimanga.me,HARIMANGA,en,False,https://harimanga.me/,https://harimanga.me/,200,False,False,unrelated,Account Suspended,
5_dead_repurposed,theme_mismatch,madara,manga,mangafoxfull.com,MangaFoxFull,en,False,https://mangafoxfull.com/,https://mangafoxfull.com/,200,False,False,unrelated,,
5_dead_repurposed,theme_mismatch,madara,manga,mangatuk.com,MangaTuk,ar,False,https://mangatuk.com/,https://mangatuk.com/,200,False,False,gambling,مانجاتك,
5_dead_repurposed,theme_mismatch,madara,manga,manhatic.com,Manhatic,en,True,https://manhatic.com/,https://hentailek.com/,200,True,False,unrelated,مانجا هنتاي مترجم — قراءة هنتاي اون لاين | هنتاي ليك,
5_dead_repurposed,theme_mismatch,madara,manga,manhuarm.com,Manhuarm,en,False,https://manhuarm.com/,https://manhuarm.com/,200,False,False,unrelated,,
5_dead_repurposed,theme_mismatch,madara,manga,newcat1.xyz,CatManhwas,es,False,https://newcat1.xyz/,https://cattoons.org/,200,True,False,gambling,Catoons,
5_dead_repurposed,theme_mismatch,madara,manga,nitroscans.net,Nitro Scans,en,False,https://nitroscans.net/,https://nitroscans.net/,200,False,False,gambling,WONGTOTO! Mega Bintang Toto Slot Online Rank #1 Jaminan Jackpot Langsung,
5_dead_repurposed,theme_mismatch,madara,manga,platinumscans.com,Platinum Crown,en,True,https://platinumscans.com/,https://scatterkakekzeusslot.com/,200,True,False,gambling,VIP333 - Platform Mobile Resmi Banyak Pilihan Game Online Terkini!,
5_dead_repurposed,theme_mismatch,madara,manga,romantikmanga.com,Romantik Manga,tr,False,https://romantikmanga.com/,https://romantikmanga.com/,200,False,False,gambling,BBFSTOTO - Link Layanan Situs Toto 4D & Slot Gacor Berkualitas Terbaik,
5_dead_repurposed,theme_mismatch,madara,manga,tatakaescan.com,Tatakae Scans,es,False,https://tatakaescan.com/,https://pgsoftonlinegacor.com/,200,True,False,gambling,MEGA288 ^^ Link Resmi Game Online Tempat Favorit Para Pemenang!,
5_dead_repurposed,theme_mismatch,madara,manga,territorioleal.com,Territorio Lealtad,es,True,https://territorioleal.com/,https://territorioleal.com/,200,False,False,unrelated,"Territorio Leal — Tu voz, tu territorio, tu comunidad",
5_dead_repurposed,theme_mismatch,madara,manga,tortuga-ceviri.com,Tortuga Çeviri,tr,False,https://tortuga-ceviri.com/,https://tortuga-ceviri.com/,200,False,False,gambling,Güvenilir Bahis Siteleri 2026 | En İyi Bahis Siteleri,
5_dead_repurposed,theme_mismatch,madara,manga,utoon.net,Utoon,en,False,https://utoon.net/,https://utoon.net/,200,False,False,unrelated,UTOON — Free Browser Games Online,
5_dead_repurposed,theme_mismatch,madara,manga,whalemanga.com,WhaleManga,en,False,https://whalemanga.com/,https://whalemanga.com/,200,False,False,unrelated,Account Suspended,
5_dead_repurposed,theme_mismatch,madara,manga,www.lectormanga.lat,LectorManga.lat,es,False,https://www.lectormanga.lat/,https://www.lectormanga.lat/,200,False,False,gambling,YumeTOTO : Jalur Utama Login Situs Togel Online Pasti Jackpot Favorit Para Boss,
5_dead_repurposed,theme_mismatch,madara,manga,www.superdoujin.org,Superdoujin.org,th,True,https://www.superdoujin.org/,https://www.superdoujin.org/,200,False,False,gambling,"Sorry, the website has been stopped",
5_dead_repurposed,theme_mismatch,themesia,manga,adumanga.com,Adu Manga,en,False,https://adumanga.com/,https://koplo77inti.com/,200,True,False,gambling,KOPLO77 : Login Trik Dan Cara Mendapatkan Rahasia Maxwin,
5_dead_repurposed,theme_mismatch,themesia,manga,asemifansub.com,Asemi Fansub,tr,False,https://asemifansub.com/,https://asemifansub.com/,200,False,False,gambling,CERAH88 | Gudangnya Game Gacor Kreasi Dari Para Developer Muda Indonesia,
5_dead_repurposed,theme_mismatch,themesia,manga,lunarscan.org,Lunar Scans,en,True,https://lunarscan.org/,https://www.greenmangobroome.com/,200,True,False,gambling,KAPUAS88: Portal Resmi Slot Online dengan Koleksi Game Lengkap,
5_dead_repurposed,theme_mismatch,themesia,manga,seitacelestial.com,Seita Celestial,pt-BR,False,https://seitacelestial.com/,https://seitacelestial.com/,200,False,False,unrelated,,
5_dead_repurposed,theme_mismatch,zorotheme,anime,aniwatchtv.to,Aniwatch,en,False,https://aniwatchtv.to/,https://yaparty1.com/,200,True,False,unrelated,야동파티,
5_dead_server_error,http_503,html_manga,manga,vymanga.com,VyManga.com,en,False,https://vymanga.com/,https://vymanga.com/,503,False,,,,
5_dead_server_error,http_522,html_novel,novel,allnovel.net,All Novel,en,False,https://allnovel.net/,https://allnovel.net/,522,False,,,,
5_dead_server_error,http_401,madara,manga,alonescanlator.com.br,Alone Scanlator,pt-BR,False,https://alonescanlator.com.br/,https://alonescanlator.com.br/,401,False,False,,,
5_dead_server_error,http_522,madara,manga,cats-translator.com,CAT-translator,th,False,https://cats-translator.com/,https://cats-translator.com/,522,False,False,,,
5_dead_server_error,http_522,madara,manga,catzaa.com,Catzaa,th,False,https://catzaa.com/,https://catzaa.net/,522,True,False,,,
5_dead_server_error,http_522,madara,manga,catzaa.net,Catzaa (Mirror),th,False,https://catzaa.net/,https://catzaa.net/,522,False,False,,,
5_dead_server_error,moved_timeout,madara,manga,coffeemanga.io,Coffee Manga,en,False,https://coffeemanga.io/,https://coffeemanga.ink/,301,True,False,,,curl: (28) Operation timed out after 19936 milliseconds with 0 bytes received
5_dead_server_error,moved_redirect_loop,madara,manga,daprob.com,Daprob,es,False,https://daprob.com/,https://laperfumeria.express/,301,True,False,,,curl: (47) Maximum (6) redirects followed
5_dead_server_error,http_500,madara,manga,evilflowers.com,Evil Flowers,en,False,https://evilflowers.com/,https://evilflowers.com/,500,False,False,,,
5_dead_server_error,http_522,madara,manga,flowermanga.net,FlowerManga.net,pt-BR,False,https://flowermanga.net/,https://flowermanga.net/,522,False,False,,,
5_dead_server_error,moved_redirect_loop,madara,manga,haremscann.es,Harem de Kira,es,True,https://haremscann.es/,https://theasmaraagency.com/,301,True,False,,,curl: (47) Maximum (6) redirects followed
5_dead_server_error,http_526,madara,manga,isekaiscan.top,IsekaiScan.top (unoriginal),en,False,https://isekaiscan.top/,https://isekaiscan.top/,526,False,False,,,
5_dead_server_error,timeout,madara,manga,kabusmanga.com,Kabus Manga,tr,False,https://kabusmanga.com/,https://kabusmanga.com/,000,False,False,,,curl: (28) Operation timed out after 20001 milliseconds with 0 bytes received
5_dead_server_error,refused,madara,manga,leermanga.net,LeerManga,es,False,https://leermanga.net/,https://leermanga.net/,000,False,False,,,curl: (7) Failed to connect to leermanga.net port 443 after 468 ms: Couldn't connect to server
5_dead_server_error,http_403,madara,manga,lilymanga.net,Lily Manga,en,False,https://lilymanga.net/,https://lilymanga.net/,403,False,False,,,
5_dead_server_error,http_522,madara,manga,manga-sehri.net,Manga Şehri.net,tr,False,https://manga-sehri.net/,https://manga-sehri.net/,522,False,False,,,
5_dead_server_error,tls_error,madara,manga,manga3s.com,Manga3S,en,False,https://manga3s.com/,https://manga3s.com/,000,False,False,,,"how to fix it, please visit the web page mentioned above."
5_dead_server_error,http_522,madara,manga,mangakiss.org,Manga Kiss,en,False,https://mangakiss.org/,https://mangakiss.org/,522,False,False,,,
5_dead_server_error,http_522,madara,manga,mangaread.co,Mangaread,en,False,https://mangaread.co/,https://mangaread.co/,522,False,False,,,
5_dead_server_error,http_521,madara,manga,manhwa18.org,Manhwa 18,en,True,https://manhwa18.org/,https://manhwa18.org/,521,False,False,,,
5_dead_server_error,http_500,madara,manga,manytoon.club,ManyToonClub,ko,True,https://manytoon.club/,https://nudify.now/?union_id=MjE3,500,True,False,,,
5_dead_server_error,http_522,madara,manga,mindafansub.org,Minda Fansub,tr,False,https://mindafansub.org/,https://mindafansub.org/,522,False,False,,,
5_dead_server_error,timeout,madara,manga,niverafansub.org,Nivera Fansub,tr,False,https://niverafansub.org/,https://niverafansub.org/,000,False,False,,,curl: (28) Operation timed out after 20005 milliseconds with 0 bytes received
5_dead_server_error,tls_error,madara,manga,onepieceteca.com,One Piece TECA,pt-BR,False,https://onepieceteca.com/,https://onepieceteca.com/,000,False,False,,,"how to fix it, please visit the web page mentioned above."
5_dead_server_error,moved_timeout,madara,manga,piedpiperfansub.me,Pied Piper Fansub,tr,False,https://piedpiperfansub.me/,https://ww17.piedpiperfansub.me/,302,True,False,,,curl: (28) Connection timed out after 20005 milliseconds
5_dead_server_error,http_500,madara,manga,readfreecomics.com,ReadFreeComics,en,True,https://readfreecomics.com/,https://nudify.now/?union_id=MjE3,500,True,False,,,
5_dead_server_error,http_523,madara,manga,ruyamanga.net,Rüya Manga.net,tr,False,https://ruyamanga.net/,https://ruyamanga.net/,523,False,False,,,
5_dead_server_error,timeout,madara,manga,stickhorse.cl,Stick Horse,es,False,https://stickhorse.cl/,https://stickhorse.cl/,000,False,False,,,curl: (28) Connection timed out after 20004 milliseconds
5_dead_server_error,http_404,madara,manga,traduccionesamistosas.topmanhuas.org,Traducciones Amistosas,es,False,https://traduccionesamistosas.topmanhuas.org/,https://traduccionesamistosas.topmanhuas.org/,404,False,False,,,
5_dead_server_error,http_503,madara,manga,www.manhwatoon.me,Manhwa Toon,en,True,https://www.manhwatoon.me/,https://www.doujinhq.club/,503,True,False,,,
5_dead_server_error,http_523,madara,manga,yaoihub.com,Yaoihub,en,True,https://yaoihub.com/,https://yaoihub.com/,523,False,False,,,
5_dead_server_error,refused,madara,manga,zevep.com,Zevep,es,False,https://zevep.com/,https://zevep.com/,000,False,False,,,curl: (7) Failed to connect to zevep.com port 443 after 154 ms: Couldn't connect to server
5_dead_server_error,http_502,madtheme,manga,beehentai.com,BeeHentai,en,True,https://beehentai.com/,https://toontop.io/,502,True,False,,,
5_dead_server_error,http_502,madtheme,manga,mangabuddy.com,Manga Buddy,en,False,https://mangabuddy.com/,https://comizy.io/,502,True,False,,,
5_dead_server_error,tls_error,madtheme,manga,mangacute.com,Manga Cute,en,False,https://mangacute.com/,https://mangacute.com/,000,False,False,,,"how to fix it, please visit the web page mentioned above."
5_dead_server_error,http_502,madtheme,manga,mangafab.com,Manga Fab,en,False,https://mangafab.com/,https://comizy.io/,502,True,False,,,
5_dead_server_error,http_522,madtheme,manga,mangaforest.me,Manga Forest,en,False,https://mangaforest.me/,https://mangaforest.me/,522,False,False,,,
5_dead_server_error,http_502,madtheme,manga,mangamonk.com,Manga Monk,en,False,https://mangamonk.com/,https://comizy.io/,502,True,False,,,
5_dead_server_error,http_502,madtheme,manga,mangaspin.com,Manga Spin,en,False,https://mangaspin.com/,https://comizy.io/,502,True,False,,,
5_dead_server_error,http_522,madtheme,manga,mangaxyz.com,Manga XYZ,en,False,https://mangaxyz.com/,https://mangaxyz.com/,522,False,False,,,
5_dead_server_error,http_522,madtheme,manga,manhuasite.com,Manhua Site,en,False,https://manhuasite.com/,https://manhuasite.com/,522,False,False,,,
5_dead_server_error,http_502,madtheme,manga,toonily.me,Toonily,en,True,https://toonily.me/,https://toontop.io/,502,True,False,,,
5_dead_server_error,http_502,madtheme,manga,toonitube.com,Toonitube,en,True,https://toonitube.com/,https://toontop.io/,502,True,False,,,
5_dead_server_error,tls_error,themesia,manga,altayscans.com,Altay Scans,en,False,https://altayscans.com/,https://altayscans.com/,000,False,False,,,"how to fix it, please visit the web page mentioned above."
5_dead_server_error,http_403,themesia,manga,celestialmoonscan.es,Celestial Moon,es,False,https://celestialmoonscan.es/,https://celestialmoonscan.es/,403,False,False,,,
5_dead_server_error,http_522,themesia,manga,id.ikiru.wtf,Ikiru,id,False,https://id.ikiru.wtf/,https://id.ikiru.wtf/,522,False,False,,,
5_dead_server_error,http_522,themesia,manga,ikiru.world,Ikiru,id,False,https://ikiru.world/,https://ikiru.world/,522,False,False,,,
5_dead_server_error,http_522,themesia,manga,merlinscans.com,Merlin Scans,tr,False,https://merlinscans.com/,https://merlinscans.com/,522,False,False,,,
5_dead_server_error,timeout,themesia,manga,moodtoon.net,Moodtoon,th,False,https://moodtoon.net/,https://moodtoon.net/,000,False,False,,,curl: (28) Connection timed out after 20005 milliseconds
5_dead_server_error,timeout,themesia,manga,moondaisyscans.biz,Moon Daisy Scans,tr,False,https://moondaisyscans.biz/,https://moondaisyscans.biz/,000,False,False,,,curl: (28) Connection timed out after 20005 milliseconds
5_dead_server_error,http_522,themesia,manga,nikatoons.com,Nika Toons,en,False,https://nikatoons.com/,https://nikatoons.com/,522,False,False,,,
5_dead_server_error,timeout,themesia,manga,origami-orpheans.com,Origami Orpheans,pt-BR,False,https://origami-orpheans.com/,https://origami-orpheans.com/,000,False,False,,,curl: (28) Connection timed out after 20005 milliseconds
5_dead_server_error,timeout,themesia,manga,ssstoons.com,sssscanlator,pt-BR,False,https://ssstoons.com/,https://ssstoons.com/,000,False,False,,,curl: (28) Connection timed out after 20004 milliseconds
5_dead_server_error,http_522,themesia,manga,tempestmangas.com,Tempest Manga,tr,False,https://tempestmangas.com/,https://tempestmangas.com/,522,False,False,,,
5_dead_server_error,http_523,themesia,manga,www.sekaikomik.lat,Sekaikomik,id,True,https://www.sekaikomik.lat/,https://manhwaland.work/,523,True,False,,,
5_dead_server_error,http_403,themesia,manga,yomucomics.com,Yomu Comics,pt-BR,False,https://yomucomics.com/,https://yomu.com.br/,403,True,False,,,
5_dead_server_error,http_503,themesia,manga,zenithscans.com,Zenith Scans,tr,False,https://zenithscans.com/,https://zenithscans.com/,503,False,False,,,
5_dead_server_error,http_521,zorotheme,anime,hianime.nz,H!anime NZ,en,False,https://hianime.nz/,https://hianime.nz/,521,False,False,,,
5_dead_server_error,http_522,zorotheme,anime,kaido.io,Kaido,en,False,https://kaido.to/,https://kaido.to/,522,False,False,,,
